#
# Converted from MS Access 2010 closeb_schema database (closeb_schema.accdb) using
# Bullzip MS Access to MySQL Version 5.1.242. http://www.bullzip.com
#
# CHANGES MADE AFTER INITIAL CONVERSION
# * column and row names in CamelCase converted to lower_case_with_underscore
# * space and slash ("/") in table and column names replaced with _underscore_
# * id column names converted to "id"
# * foreign key column names converted to xxx_id
# * variables of type TIMESTAMP converted to DATETIME to avoid TIMESTAMP
#   range limitation (1997 - 2038 UTC), and other limitations.
# * unique and foreign key checks disabled while loading data
#
#------------------------------------------------------------------
#

SET @OLD_UNIQUE_CHECKS=@@UNIQUE_CHECKS, UNIQUE_CHECKS=0;
SET @OLD_FOREIGN_KEY_CHECKS=@@FOREIGN_KEY_CHECKS, FOREIGN_KEY_CHECKS=0;

USE `closeb_schema`;

#
# Dumping data
#

-- Customers
INSERT INTO closeb_schema.Customers(First,Last,City,ZIP,State,Street) VALUES ('Basil','Northin','Pensacola',32590,'Florida','892 Roxbury Hill');
INSERT INTO closeb_schema.Customers(First,Last,City,ZIP,State,Street) VALUES ('Bartlet','Huygen','Pasadena',91186,'California','58782 Montana Parkway');
INSERT INTO closeb_schema.Customers(First,Last,City,ZIP,State,Street) VALUES ('Yehudit','Lillegard','Evansville',47737,'Indiana','4823 Crowley Place');
INSERT INTO closeb_schema.Customers(First,Last,City,ZIP,State,Street) VALUES ('Hendrick','Saterthwait','Detroit',48295,'Michigan','4 Memorial Pass');
INSERT INTO closeb_schema.Customers(First,Last,City,ZIP,State,Street) VALUES ('Linette','Heaffey','Huntington',25770,'West Virginia','786 Iowa Way');
INSERT INTO closeb_schema.Customers(First,Last,City,ZIP,State,Street) VALUES ('Adina','Ciobutaro','San Antonio',78205,'Texas','066 Ronald Regan Terrace');
INSERT INTO closeb_schema.Customers(First,Last,City,ZIP,State,Street) VALUES ('Waverly','Olding','Austin',78726,'Texas','17506 Donald Crossing');
INSERT INTO closeb_schema.Customers(First,Last,City,ZIP,State,Street) VALUES ('Hedwig','Trahair','Akron',44315,'Ohio','24 West Point');
INSERT INTO closeb_schema.Customers(First,Last,City,ZIP,State,Street) VALUES ('Antony','Brame','Las Vegas',89150,'Nevada','87 Stuart Pass');
INSERT INTO closeb_schema.Customers(First,Last,City,ZIP,State,Street) VALUES ('Kathi','Chainey','West Palm Beach',33421,'Florida','84 Burning Wood Parkway');
INSERT INTO closeb_schema.Customers(First,Last,City,ZIP,State,Street) VALUES ('Mic','Glynn','Van Nuys',91499,'California','95806 Pleasure Junction');
INSERT INTO closeb_schema.Customers(First,Last,City,ZIP,State,Street) VALUES ('Jonathan','Seston','Houston',77255,'Texas','27021 Cody Terrace');
INSERT INTO closeb_schema.Customers(First,Last,City,ZIP,State,Street) VALUES ('Ignace','Brockherst','Shreveport',71115,'Louisiana','6 Loomis Junction');
INSERT INTO closeb_schema.Customers(First,Last,City,ZIP,State,Street) VALUES ('Nichol','Airdrie','San Antonio',78210,'Texas','187 Northland Terrace');
INSERT INTO closeb_schema.Customers(First,Last,City,ZIP,State,Street) VALUES ('Duane','Mackriell','Huntington',25716,'West Virginia','132 Express Street');
INSERT INTO closeb_schema.Customers(First,Last,City,ZIP,State,Street) VALUES ('Jerrilee','Adshed','Watertown',02472,'Massachusetts','81 Autumn Leaf Alley');
INSERT INTO closeb_schema.Customers(First,Last,City,ZIP,State,Street) VALUES ('Jakob','Novkovic','Cleveland',44105,'Ohio','3 Karstens Trail');
INSERT INTO closeb_schema.Customers(First,Last,City,ZIP,State,Street) VALUES ('Jocko','Eaken','Muncie',47306,'Indiana','6 Amoth Lane');
INSERT INTO closeb_schema.Customers(First,Last,City,ZIP,State,Street) VALUES ('Hubie','Andrzejewski','Gainesville',32610,'Florida','09002 Magdeline Alley');
INSERT INTO closeb_schema.Customers(First,Last,City,ZIP,State,Street) VALUES ('Menard','Wardlaw','Greensboro',27409,'North Carolina','2 Springs Lane');
INSERT INTO closeb_schema.Customers(First,Last,City,ZIP,State,Street) VALUES ('Marcellus','Zanetti','Saint Louis',63143,'Missouri','902 Mandrake Hill');
INSERT INTO closeb_schema.Customers(First,Last,City,ZIP,State,Street) VALUES ('Gwen','Pender','Washington',20205,'District of Columbia','314 Brickson Park Point');
INSERT INTO closeb_schema.Customers(First,Last,City,ZIP,State,Street) VALUES ('Marigold','Fassbindler','Monticello',55590,'Minnesota','8 David Park');
INSERT INTO closeb_schema.Customers(First,Last,City,ZIP,State,Street) VALUES ('Dayna','Anselm','El Paso',79955,'Texas','31 Moulton Trail');
INSERT INTO closeb_schema.Customers(First,Last,City,ZIP,State,Street) VALUES ('Maddy','Zappel','Brooklyn',11247,'New York','68493 Sutteridge Circle');
INSERT INTO closeb_schema.Customers(First,Last,City,ZIP,State,Street) VALUES ('Beck','Alvey','Chesapeake',23324,'Virginia','4 Norway Maple Terrace');
INSERT INTO closeb_schema.Customers(First,Last,City,ZIP,State,Street) VALUES ('Clayton','Andriss','Spring',77386,'Texas','20 5th Junction');
INSERT INTO closeb_schema.Customers(First,Last,City,ZIP,State,Street) VALUES ('Thornton','Veschi','Des Moines',50310,'Iowa','054 Dryden Junction');
INSERT INTO closeb_schema.Customers(First,Last,City,ZIP,State,Street) VALUES ('Demott','Wormald','Seattle',98140,'Washington','2 Evergreen Avenue');
INSERT INTO closeb_schema.Customers(First,Last,City,ZIP,State,Street) VALUES ('Ferrell','Kestell','Gainesville',32605,'Florida','5675 Wayridge Trail');
INSERT INTO closeb_schema.Customers(First,Last,City,ZIP,State,Street) VALUES ('Korie','Gorham','Phoenix',85035,'Arizona','71 Clarendon Drive');
INSERT INTO closeb_schema.Customers(First,Last,City,ZIP,State,Street) VALUES ('Kelli','Le-Good','Aurora',60505,'Illinois','76 Fremont Plaza');
INSERT INTO closeb_schema.Customers(First,Last,City,ZIP,State,Street) VALUES ('Min','Borlease','New Orleans',70116,'Louisiana','042 Schiller Avenue');
INSERT INTO closeb_schema.Customers(First,Last,City,ZIP,State,Street) VALUES ('Clyve','Batkin','Long Beach',90810,'California','0 Pearson Crossing');
INSERT INTO closeb_schema.Customers(First,Last,City,ZIP,State,Street) VALUES ('Cary','O''Roan','Salt Lake City',84105,'Utah','52 Crowley Terrace');
INSERT INTO closeb_schema.Customers(First,Last,City,ZIP,State,Street) VALUES ('Gloria','Lodder','Columbus',39705,'Mississippi','92 Ryan Plaza');
INSERT INTO closeb_schema.Customers(First,Last,City,ZIP,State,Street) VALUES ('Valerie','Jobern','Arlington',22212,'Virginia','223 Debra Junction');
INSERT INTO closeb_schema.Customers(First,Last,City,ZIP,State,Street) VALUES ('Emmerich','Joye','Tampa',33647,'Florida','776 Kropf Alley');
INSERT INTO closeb_schema.Customers(First,Last,City,ZIP,State,Street) VALUES ('Malcolm','Teissier','New York City',10165,'New York','878 Heath Way');
INSERT INTO closeb_schema.Customers(First,Last,City,ZIP,State,Street) VALUES ('Fredrika','Worsham','Jacksonville',32204,'Florida','2 Meadow Vale Park');
INSERT INTO closeb_schema.Customers(First,Last,City,ZIP,State,Street) VALUES ('Goran','Bowld','Birmingham',35290,'Alabama','167 Armistice Way');
INSERT INTO closeb_schema.Customers(First,Last,City,ZIP,State,Street) VALUES ('Gabbie','Slocum','Punta Gorda',33982,'Florida','372 Chinook Junction');
INSERT INTO closeb_schema.Customers(First,Last,City,ZIP,State,Street) VALUES ('Kara-lynn','Josefovic','Rochester',14646,'New York','20884 Armistice Circle');
INSERT INTO closeb_schema.Customers(First,Last,City,ZIP,State,Street) VALUES ('Emalee','Callis','Washington',20022,'District of Columbia','551 Union Way');
INSERT INTO closeb_schema.Customers(First,Last,City,ZIP,State,Street) VALUES ('Junina','Kohring','Washington',20580,'District of Columbia','70260 Ridgeway Drive');
INSERT INTO closeb_schema.Customers(First,Last,City,ZIP,State,Street) VALUES ('Uta','Younge','Houston',77075,'Texas','3828 Bayside Lane');
INSERT INTO closeb_schema.Customers(First,Last,City,ZIP,State,Street) VALUES ('Stephanus','Moulder','Wilmington',28405,'North Carolina','96 Carpenter Point');
INSERT INTO closeb_schema.Customers(First,Last,City,ZIP,State,Street) VALUES ('Galina','Davidowsky','Rochester',14614,'New York','94509 Annamark Circle');
INSERT INTO closeb_schema.Customers(First,Last,City,ZIP,State,Street) VALUES ('Yank','Curedell','Louisville',40280,'Kentucky','641 Buena Vista Terrace');
INSERT INTO closeb_schema.Customers(First,Last,City,ZIP,State,Street) VALUES ('Karlis','Inmett','Bethlehem',18018,'Pennsylvania','37 Loeprich Drive');


-- Brands
INSERT INTO closeb_schema.Brands(Name,Email,City,ZIP,State,Street) VALUES ('Mackenzie Pressey','mpressey0@topsy.com','Savannah',31416,'Georgia','29 Mcguire Junction');
INSERT INTO closeb_schema.Brands(Name,Email,City,ZIP,State,Street) VALUES ('Wyn Ruilton','wruilton1@merriam-webster.com','Saint Paul',55123,'Minnesota','6159 Kinsman Alley');
INSERT INTO closeb_schema.Brands(Name,Email,City,ZIP,State,Street) VALUES ('Vance Ridolfi','vridolfi2@google.co.jp','Dallas',75260,'Texas','7872 Schmedeman Trail');
INSERT INTO closeb_schema.Brands(Name,Email,City,ZIP,State,Street) VALUES ('Albertine Croose','acroose3@google.de','Bismarck',58505,'North Dakota','5 Lyons Circle');
INSERT INTO closeb_schema.Brands(Name,Email,City,ZIP,State,Street) VALUES ('Manfred Raggitt','mraggitt4@ucla.edu','Honolulu',96815,'Hawaii','318 Donald Court');
INSERT INTO closeb_schema.Brands(Name,Email,City,ZIP,State,Street) VALUES ('Annemarie Bunch','abunch5@seesaa.net','Spokane',99205,'Washington','980 Sachs Lane');
INSERT INTO closeb_schema.Brands(Name,Email,City,ZIP,State,Street) VALUES ('Daffy Hardbattle','dhardbattle6@pcworld.com','Chicago',60657,'Illinois','301 Hansons Way');
INSERT INTO closeb_schema.Brands(Name,Email,City,ZIP,State,Street) VALUES ('Sonny MacMychem','smacmychem7@gmpg.org','Everett',98206,'Washington','808 Straubel Lane');
INSERT INTO closeb_schema.Brands(Name,Email,City,ZIP,State,Street) VALUES ('Goraud Liddon','gliddon8@cyberchimps.com','Corpus Christi',78415,'Texas','52 Elka Point');
INSERT INTO closeb_schema.Brands(Name,Email,City,ZIP,State,Street) VALUES ('Chalmers Bumpus','cbumpus9@soundcloud.com','Las Vegas',89150,'Nevada','0 Fuller Junction');
INSERT INTO closeb_schema.Brands(Name,Email,City,ZIP,State,Street) VALUES ('Daniella Maliphant','dmaliphanta@feedburner.com','Bakersfield',93381,'California','6163 Declaration Trail');
INSERT INTO closeb_schema.Brands(Name,Email,City,ZIP,State,Street) VALUES ('Xaviera Casbon','xcasbonb@naver.com','Syracuse',13205,'New York','3861 Northland Crossing');
INSERT INTO closeb_schema.Brands(Name,Email,City,ZIP,State,Street) VALUES ('Bernadene Arias','bariasc@newyorker.com','Topeka',66629,'Kansas','4 Mayfield Park');
INSERT INTO closeb_schema.Brands(Name,Email,City,ZIP,State,Street) VALUES ('Ketty Dawby','kdawbyd@amazonaws.com','Milwaukee',53220,'Wisconsin','019 Little Fleur Drive');
INSERT INTO closeb_schema.Brands(Name,Email,City,ZIP,State,Street) VALUES ('Dell Roskilly','droskillye@digg.com','Grand Rapids',49544,'Michigan','198 Carey Circle');
INSERT INTO closeb_schema.Brands(Name,Email,City,ZIP,State,Street) VALUES ('Dorolisa Herche','dherchef@nifty.com','Sarasota',34233,'Florida','6 Oak Valley Drive');
INSERT INTO closeb_schema.Brands(Name,Email,City,ZIP,State,Street) VALUES ('Elvira Meadmore','emeadmoreg@walmart.com','Albuquerque',87121,'New Mexico','498 Bartelt Junction');
INSERT INTO closeb_schema.Brands(Name,Email,City,ZIP,State,Street) VALUES ('Jenn Sawart','jsawarth@google.cn','Glendale',85311,'Arizona','8 Dakota Crossing');
INSERT INTO closeb_schema.Brands(Name,Email,City,ZIP,State,Street) VALUES ('Genny Seeds','gseedsi@mozilla.org','Buffalo',14225,'New York','17 Rieder Point');
INSERT INTO closeb_schema.Brands(Name,Email,City,ZIP,State,Street) VALUES ('Cathe Jerromes','cjerromesj@deliciousdays.com','Lincoln',68510,'Nebraska','48263 Helena Street');
INSERT INTO closeb_schema.Brands(Name,Email,City,ZIP,State,Street) VALUES ('Whitman Pol','wpolk@theatlantic.com','New York City',10203,'New York','14 Graedel Pass');
INSERT INTO closeb_schema.Brands(Name,Email,City,ZIP,State,Street) VALUES ('Eamon Jaegar','ejaegarl@cpanel.net','Orlando',32859,'Florida','9244 Claremont Hill');
INSERT INTO closeb_schema.Brands(Name,Email,City,ZIP,State,Street) VALUES ('Mellisa Checchi','mchecchim@cnbc.com','El Paso',88553,'Texas','9 Coleman Way');
INSERT INTO closeb_schema.Brands(Name,Email,City,ZIP,State,Street) VALUES ('Zondra Tink','ztinkn@mlb.com','Tampa',33686,'Florida','20 New Castle Circle');
INSERT INTO closeb_schema.Brands(Name,Email,City,ZIP,State,Street) VALUES ('Layton Losebie','llosebieo@ca.gov','Cheyenne',82007,'Wyoming','89562 Redwing Plaza');
INSERT INTO closeb_schema.Brands(Name,Email,City,ZIP,State,Street) VALUES ('Chickie Arlett','carlettp@wordpress.org','Kansas City',64136,'Missouri','532 Charing Cross Street');
INSERT INTO closeb_schema.Brands(Name,Email,City,ZIP,State,Street) VALUES ('Mikel Whatley','mwhatleyq@forbes.com','Fresno',93750,'California','1 Fair Oaks Crossing');
INSERT INTO closeb_schema.Brands(Name,Email,City,ZIP,State,Street) VALUES ('Gwendolin Phettiplace','gphettiplacer@mlb.com','Aiken',29805,'South Carolina','68 Utah Plaza');
INSERT INTO closeb_schema.Brands(Name,Email,City,ZIP,State,Street) VALUES ('Nickie Blencoe','nblencoes@ovh.net','Lynn',01905,'Massachusetts','59259 Mayer Point');
INSERT INTO closeb_schema.Brands(Name,Email,City,ZIP,State,Street) VALUES ('Herculie Corstan','hcorstant@canalblog.com','Philadelphia',19191,'Pennsylvania','95310 Schurz Place');
INSERT INTO closeb_schema.Brands(Name,Email,City,ZIP,State,Street) VALUES ('Nial Eden','nedenu@topsy.com','Evansville',47737,'Indiana','918 Arizona Hill');
INSERT INTO closeb_schema.Brands(Name,Email,City,ZIP,State,Street) VALUES ('Denny Lomasny','dlomasnyv@patch.com','Virginia Beach',23459,'Virginia','49 Pepper Wood Way');
INSERT INTO closeb_schema.Brands(Name,Email,City,ZIP,State,Street) VALUES ('Gretel Loding','glodingw@gnu.org','San Diego',92110,'California','5 3rd Road');
INSERT INTO closeb_schema.Brands(Name,Email,City,ZIP,State,Street) VALUES ('Arvie Chittock','achittockx@vistaprint.com','Aurora',80044,'Colorado','4927 Heath Alley');
INSERT INTO closeb_schema.Brands(Name,Email,City,ZIP,State,Street) VALUES ('Giustina Dronsfield','gdronsfieldy@twitter.com','Houston',77299,'Texas','057 Maple Court');
INSERT INTO closeb_schema.Brands(Name,Email,City,ZIP,State,Street) VALUES ('Tessie Soughton','tsoughtonz@a8.net','Richmond',23260,'Virginia','7 Crowley Point');
INSERT INTO closeb_schema.Brands(Name,Email,City,ZIP,State,Street) VALUES ('Gilburt Potteridge','gpotteridge10@umich.edu','Memphis',38150,'Tennessee','52 Packers Circle');
INSERT INTO closeb_schema.Brands(Name,Email,City,ZIP,State,Street) VALUES ('Yvon Grane','ygrane11@cam.ac.uk','Morgantown',26505,'West Virginia','1 Park Meadow Alley');
INSERT INTO closeb_schema.Brands(Name,Email,City,ZIP,State,Street) VALUES ('Charyl Kiln','ckiln12@jimdo.com','Winston Salem',27105,'North Carolina','7393 Monica Avenue');
INSERT INTO closeb_schema.Brands(Name,Email,City,ZIP,State,Street) VALUES ('Mischa Michelle','mmichelle13@auda.org.au','Macon',31210,'Georgia','673 Morning Terrace');
INSERT INTO closeb_schema.Brands(Name,Email,City,ZIP,State,Street) VALUES ('Nalani Dragge','ndragge14@hubpages.com','Aurora',80044,'Colorado','0558 Spaight Parkway');
INSERT INTO closeb_schema.Brands(Name,Email,City,ZIP,State,Street) VALUES ('Geno Loosmore','gloosmore15@ebay.com','Sarasota',34276,'Florida','09 Prentice Plaza');
INSERT INTO closeb_schema.Brands(Name,Email,City,ZIP,State,Street) VALUES ('Cammy Leverett','cleverett16@technorati.com','Dallas',75323,'Texas','65881 Blue Bill Park Crossing');
INSERT INTO closeb_schema.Brands(Name,Email,City,ZIP,State,Street) VALUES ('Maurits Darke','mdarke17@myspace.com','Phoenix',85083,'Arizona','4272 Brickson Park Avenue');
INSERT INTO closeb_schema.Brands(Name,Email,City,ZIP,State,Street) VALUES ('Nikolaos McIlwreath','nmcilwreath18@networkadvertising.org','Denver',80255,'Colorado','62367 Tennyson Terrace');
INSERT INTO closeb_schema.Brands(Name,Email,City,ZIP,State,Street) VALUES ('Gun Richen','grichen19@pcworld.com','South Bend',46634,'Indiana','765 Spaight Court');
INSERT INTO closeb_schema.Brands(Name,Email,City,ZIP,State,Street) VALUES ('Myrta Rhule','mrhule1a@icq.com','Jamaica',11480,'New York','03 Memorial Avenue');
INSERT INTO closeb_schema.Brands(Name,Email,City,ZIP,State,Street) VALUES ('Linus Parcells','lparcells1b@flickr.com','Topeka',66611,'Kansas','18820 Stephen Plaza');
INSERT INTO closeb_schema.Brands(Name,Email,City,ZIP,State,Street) VALUES ('Zak Koubek','zkoubek1c@toplist.cz','San Francisco',94154,'California','7922 Ridge Oak Pass');
INSERT INTO closeb_schema.Brands(Name,Email,City,ZIP,State,Street) VALUES ('Othilie MacAulay','omacaulay1d@microsoft.com','Los Angeles',90081,'California','9 Mcguire Parkway');


-- Categories
INSERT INTO closeb_schema.Categories(Title,Description) VALUES ('1','Sugar - Brown, Individual');
INSERT INTO closeb_schema.Categories(Title,Description) VALUES ('2','Mushroom - Oyster, Fresh');
INSERT INTO closeb_schema.Categories(Title,Description) VALUES ('3','Beans - Turtle, Black, Dry');
INSERT INTO closeb_schema.Categories(Title,Description) VALUES ('4','Huck Towels White');
INSERT INTO closeb_schema.Categories(Title,Description) VALUES ('5','Pasta - Fusili Tri - Coloured');
INSERT INTO closeb_schema.Categories(Title,Description) VALUES ('6','Egg Patty Fried');
INSERT INTO closeb_schema.Categories(Title,Description) VALUES ('7','Wine - Peller Estates Late');
INSERT INTO closeb_schema.Categories(Title,Description) VALUES ('8','Oil - Hazelnut');
INSERT INTO closeb_schema.Categories(Title,Description) VALUES ('9','Pastrami');
INSERT INTO closeb_schema.Categories(Title,Description) VALUES ('10','Juice - Ocean Spray Cranberry');
INSERT INTO closeb_schema.Categories(Title,Description) VALUES ('11','Clam Nectar');
INSERT INTO closeb_schema.Categories(Title,Description) VALUES ('12','Beer - Camerons Cream Ale');
INSERT INTO closeb_schema.Categories(Title,Description) VALUES ('13','Cookie - Dough Variety');
INSERT INTO closeb_schema.Categories(Title,Description) VALUES ('14','Fish - Halibut, Cold Smoked');
INSERT INTO closeb_schema.Categories(Title,Description) VALUES ('15','Snapple Raspberry Tea');
INSERT INTO closeb_schema.Categories(Title,Description) VALUES ('16','Sun - Dried Tomatoes');
INSERT INTO closeb_schema.Categories(Title,Description) VALUES ('17','Lamb - Whole, Fresh');
INSERT INTO closeb_schema.Categories(Title,Description) VALUES ('18','Chicken - White Meat, No Tender');
INSERT INTO closeb_schema.Categories(Title,Description) VALUES ('19','Butter Ripple - Phillips');
INSERT INTO closeb_schema.Categories(Title,Description) VALUES ('20','Appetizer - Assorted Box');
INSERT INTO closeb_schema.Categories(Title,Description) VALUES ('21','Energy Drink');
INSERT INTO closeb_schema.Categories(Title,Description) VALUES ('22','Thyme - Dried');
INSERT INTO closeb_schema.Categories(Title,Description) VALUES ('23','Juice - Prune');
INSERT INTO closeb_schema.Categories(Title,Description) VALUES ('24','Compound - Mocha');
INSERT INTO closeb_schema.Categories(Title,Description) VALUES ('25','Cloves - Ground');
INSERT INTO closeb_schema.Categories(Title,Description) VALUES ('26','Sauce - Ranch Dressing');
INSERT INTO closeb_schema.Categories(Title,Description) VALUES ('27','Chicken - Bones');
INSERT INTO closeb_schema.Categories(Title,Description) VALUES ('28','Bandage - Finger Cots');
INSERT INTO closeb_schema.Categories(Title,Description) VALUES ('29','Shrimp - Baby, Warm Water');
INSERT INTO closeb_schema.Categories(Title,Description) VALUES ('30','Noodles - Cellophane, Thin');
INSERT INTO closeb_schema.Categories(Title,Description) VALUES ('31','Yogurt - Banana, 175 Gr');
INSERT INTO closeb_schema.Categories(Title,Description) VALUES ('32','Squid - Breaded');
INSERT INTO closeb_schema.Categories(Title,Description) VALUES ('33','Devonshire Cream');
INSERT INTO closeb_schema.Categories(Title,Description) VALUES ('34','Mints - Striped Red');
INSERT INTO closeb_schema.Categories(Title,Description) VALUES ('35','Sauce Bbq Smokey');
INSERT INTO closeb_schema.Categories(Title,Description) VALUES ('36','Cake - Sheet Strawberry');
INSERT INTO closeb_schema.Categories(Title,Description) VALUES ('37','Watercress');
INSERT INTO closeb_schema.Categories(Title,Description) VALUES ('38','Creme De Cacao White');
INSERT INTO closeb_schema.Categories(Title,Description) VALUES ('39','Sugar - Invert');
INSERT INTO closeb_schema.Categories(Title,Description) VALUES ('40','Lemonade - Mandarin, 591 Ml');
INSERT INTO closeb_schema.Categories(Title,Description) VALUES ('41','Soup - Campbells - Tomato');
INSERT INTO closeb_schema.Categories(Title,Description) VALUES ('42','Vaccum Bag - 14x20');
INSERT INTO closeb_schema.Categories(Title,Description) VALUES ('43','Pastry - Banana Tea Loaf');
INSERT INTO closeb_schema.Categories(Title,Description) VALUES ('44','Cake - Bande Of Fruit');
INSERT INTO closeb_schema.Categories(Title,Description) VALUES ('45','Lentils - Red, Dry');
INSERT INTO closeb_schema.Categories(Title,Description) VALUES ('46','Blouse / Shirt / Sweater');
INSERT INTO closeb_schema.Categories(Title,Description) VALUES ('47','Country Roll');
INSERT INTO closeb_schema.Categories(Title,Description) VALUES ('48','Trout - Rainbow, Frozen');
INSERT INTO closeb_schema.Categories(Title,Description) VALUES ('49','Avocado');
INSERT INTO closeb_schema.Categories(Title,Description) VALUES ('50','Pepper - Pablano');


-- Products
INSERT INTO closeb_schema.Products(Name,Description,Price,BrandID,Category_Title) VALUES ('Persimmons','intranet',27,5,'37');
INSERT INTO closeb_schema.Products(Name,Description,Price,BrandID,Category_Title) VALUES ('Puff Pastry - Slab','local area network',34,49,'8');
INSERT INTO closeb_schema.Products(Name,Description,Price,BrandID,Category_Title) VALUES ('Wine - Red, Antinori Santa','Monitored',49,35,'48');
INSERT INTO closeb_schema.Products(Name,Description,Price,BrandID,Category_Title) VALUES ('Ostrich - Fan Fillet','migration',32,39,'15');
INSERT INTO closeb_schema.Products(Name,Description,Price,BrandID,Category_Title) VALUES ('Mushroom - Porcini Frozen','superstructure',9,36,'46');
INSERT INTO closeb_schema.Products(Name,Description,Price,BrandID,Category_Title) VALUES ('Wine - Rosso Toscano Igt','Exclusive',29,34,'2');
INSERT INTO closeb_schema.Products(Name,Description,Price,BrandID,Category_Title) VALUES ('Juice - Tomato, 10 Oz','multi-state',49,5,'33');
INSERT INTO closeb_schema.Products(Name,Description,Price,BrandID,Category_Title) VALUES ('Pastry - Chocolate Marble Tea','extranet',31,44,'49');
INSERT INTO closeb_schema.Products(Name,Description,Price,BrandID,Category_Title) VALUES ('Cream - 10%','Secured',7,10,'41');
INSERT INTO closeb_schema.Products(Name,Description,Price,BrandID,Category_Title) VALUES ('Grapes - Black','local area network',11,12,'4');
INSERT INTO closeb_schema.Products(Name,Description,Price,BrandID,Category_Title) VALUES ('Mushroom - Porcini, Dry','Cross-platform',24,50,'45');
INSERT INTO closeb_schema.Products(Name,Description,Price,BrandID,Category_Title) VALUES ('Sauce - Demi Glace','archive',25,37,'35');
INSERT INTO closeb_schema.Products(Name,Description,Price,BrandID,Category_Title) VALUES ('Yogurt - Raspberry, 175 Gr','middleware',45,17,'33');
INSERT INTO closeb_schema.Products(Name,Description,Price,BrandID,Category_Title) VALUES ('Chips - Potato Jalapeno','multi-state',48,46,'17');
INSERT INTO closeb_schema.Products(Name,Description,Price,BrandID,Category_Title) VALUES ('Cheese Cloth No 100','website',35,19,'31');
INSERT INTO closeb_schema.Products(Name,Description,Price,BrandID,Category_Title) VALUES ('Jameson Irish Whiskey','parallelism',32,30,'49');
INSERT INTO closeb_schema.Products(Name,Description,Price,BrandID,Category_Title) VALUES ('Browning Caramel Glace','application',33,40,'14');
INSERT INTO closeb_schema.Products(Name,Description,Price,BrandID,Category_Title) VALUES ('Pepper - Cayenne','paradigm',32,17,'41');
INSERT INTO closeb_schema.Products(Name,Description,Price,BrandID,Category_Title) VALUES ('Bols Melon Liqueur','Stand-alone',27,40,'35');
INSERT INTO closeb_schema.Products(Name,Description,Price,BrandID,Category_Title) VALUES ('Juice - Lime','paradigm',5,17,'27');
INSERT INTO closeb_schema.Products(Name,Description,Price,BrandID,Category_Title) VALUES ('Dr. Pepper - 355ml','structure',17,35,'29');
INSERT INTO closeb_schema.Products(Name,Description,Price,BrandID,Category_Title) VALUES ('Juice - Ocean Spray Kiwi','asynchronous',24,33,'17');
INSERT INTO closeb_schema.Products(Name,Description,Price,BrandID,Category_Title) VALUES ('Pickle - Dill','Upgradable',23,41,'34');
INSERT INTO closeb_schema.Products(Name,Description,Price,BrandID,Category_Title) VALUES ('Pork - Chop, Frenched','Team-oriented',10,25,'25');
INSERT INTO closeb_schema.Products(Name,Description,Price,BrandID,Category_Title) VALUES ('Appetizer - Tarragon Chicken','collaboration',30,22,'32');
INSERT INTO closeb_schema.Products(Name,Description,Price,BrandID,Category_Title) VALUES ('Muffin Carrot - Individual','pricing structure',16,24,'21');
INSERT INTO closeb_schema.Products(Name,Description,Price,BrandID,Category_Title) VALUES ('Cheese - Provolone','Virtual',20,35,'10');
INSERT INTO closeb_schema.Products(Name,Description,Price,BrandID,Category_Title) VALUES ('Rice - Aborio','Integrated',24,8,'15');
INSERT INTO closeb_schema.Products(Name,Description,Price,BrandID,Category_Title) VALUES ('Ham - Virginia','4th generation',33,27,'3');
INSERT INTO closeb_schema.Products(Name,Description,Price,BrandID,Category_Title) VALUES ('Pork - Loin, Center Cut','Pre-emptive',3,49,'46');
INSERT INTO closeb_schema.Products(Name,Description,Price,BrandID,Category_Title) VALUES ('Wine - Chateau Bonnet','toolset',6,23,'29');
INSERT INTO closeb_schema.Products(Name,Description,Price,BrandID,Category_Title) VALUES ('Vol Au Vents','Automated',29,6,'23');
INSERT INTO closeb_schema.Products(Name,Description,Price,BrandID,Category_Title) VALUES ('Filling - Mince Meat','Organic',39,12,'33');
INSERT INTO closeb_schema.Products(Name,Description,Price,BrandID,Category_Title) VALUES ('Quiche Assorted','needs-based',18,29,'47');
INSERT INTO closeb_schema.Products(Name,Description,Price,BrandID,Category_Title) VALUES ('Compound - Mocha','Programmable',24,19,'19');
INSERT INTO closeb_schema.Products(Name,Description,Price,BrandID,Category_Title) VALUES ('Ginger - Crystalized','demand-driven',35,40,'37');
INSERT INTO closeb_schema.Products(Name,Description,Price,BrandID,Category_Title) VALUES ('Soup - Campbells Chicken','Graphical User Interface',4,49,'7');
INSERT INTO closeb_schema.Products(Name,Description,Price,BrandID,Category_Title) VALUES ('Coconut Milk - Unsweetened','Innovative',49,13,'20');
INSERT INTO closeb_schema.Products(Name,Description,Price,BrandID,Category_Title) VALUES ('Apples - Spartan','workforce',25,20,'29');
INSERT INTO closeb_schema.Products(Name,Description,Price,BrandID,Category_Title) VALUES ('Seedlings - Buckwheat, Organic','Switchable',30,1,'50');
INSERT INTO closeb_schema.Products(Name,Description,Price,BrandID,Category_Title) VALUES ('Dill - Primerba, Paste','matrix',14,6,'12');
INSERT INTO closeb_schema.Products(Name,Description,Price,BrandID,Category_Title) VALUES ('Croissants Thaw And Serve','upward-trending',31,21,'39');
INSERT INTO closeb_schema.Products(Name,Description,Price,BrandID,Category_Title) VALUES ('Duck - Legs','systemic',47,34,'48');
INSERT INTO closeb_schema.Products(Name,Description,Price,BrandID,Category_Title) VALUES ('Onions - Red','internet solution',41,6,'50');
INSERT INTO closeb_schema.Products(Name,Description,Price,BrandID,Category_Title) VALUES ('Compound - Rum','Multi-channelled',19,46,'19');
INSERT INTO closeb_schema.Products(Name,Description,Price,BrandID,Category_Title) VALUES ('Onions - Red','intranet',24,13,'31');
INSERT INTO closeb_schema.Products(Name,Description,Price,BrandID,Category_Title) VALUES ('Wine - Red, Lurton Merlot De','Quality-focused',20,4,'28');
INSERT INTO closeb_schema.Products(Name,Description,Price,BrandID,Category_Title) VALUES ('Juice - Orange, Concentrate','algorithm',5,5,'43');
INSERT INTO closeb_schema.Products(Name,Description,Price,BrandID,Category_Title) VALUES ('Oil - Peanut','Switchable',31,32,'25');
INSERT INTO closeb_schema.Products(Name,Description,Price,BrandID,Category_Title) VALUES ('Pepper - Red, Finger Hot','solution',28,26,'33');
INSERT INTO closeb_schema.Products(Name,Description,Price,BrandID,Category_Title) VALUES ('Lid Tray - 12in Dome','task-force',36,24,'22');
INSERT INTO closeb_schema.Products(Name,Description,Price,BrandID,Category_Title) VALUES ('Crackers - Melba Toast','real-time',31,24,'40');
INSERT INTO closeb_schema.Products(Name,Description,Price,BrandID,Category_Title) VALUES ('Appetizer - Cheese Bites','algorithm',2,29,'41');
INSERT INTO closeb_schema.Products(Name,Description,Price,BrandID,Category_Title) VALUES ('Wine - Pinot Noir Mondavi Coastal','intermediate',35,14,'5');
INSERT INTO closeb_schema.Products(Name,Description,Price,BrandID,Category_Title) VALUES ('Monkfish - Fresh','local area network',40,1,'23');
INSERT INTO closeb_schema.Products(Name,Description,Price,BrandID,Category_Title) VALUES ('Cookie Chocolate Chip With','synergy',43,1,'21');
INSERT INTO closeb_schema.Products(Name,Description,Price,BrandID,Category_Title) VALUES ('Rootbeer','leverage',35,23,'36');
INSERT INTO closeb_schema.Products(Name,Description,Price,BrandID,Category_Title) VALUES ('Appetizer - Chicken Satay','human-resource',38,47,'10');
INSERT INTO closeb_schema.Products(Name,Description,Price,BrandID,Category_Title) VALUES ('Salmon - Atlantic, Skin On','Streamlined',36,7,'12');
INSERT INTO closeb_schema.Products(Name,Description,Price,BrandID,Category_Title) VALUES ('Bread - Roll, Calabrese','local',8,16,'4');
INSERT INTO closeb_schema.Products(Name,Description,Price,BrandID,Category_Title) VALUES ('Temperature Recording Station','algorithm',33,13,'17');
INSERT INTO closeb_schema.Products(Name,Description,Price,BrandID,Category_Title) VALUES ('Longos - Penne With Pesto','parallelism',32,41,'29');
INSERT INTO closeb_schema.Products(Name,Description,Price,BrandID,Category_Title) VALUES ('Beef - Short Ribs','Polarised',27,2,'39');
INSERT INTO closeb_schema.Products(Name,Description,Price,BrandID,Category_Title) VALUES ('Lobster - Tail, 3 - 4 Oz','middleware',28,30,'48');
INSERT INTO closeb_schema.Products(Name,Description,Price,BrandID,Category_Title) VALUES ('Muffins - Assorted','Persevering',40,9,'22');
INSERT INTO closeb_schema.Products(Name,Description,Price,BrandID,Category_Title) VALUES ('Soup - Beef, Base Mix','conglomeration',4,35,'6');
INSERT INTO closeb_schema.Products(Name,Description,Price,BrandID,Category_Title) VALUES ('Banana - Leaves','budgetary management',17,10,'44');
INSERT INTO closeb_schema.Products(Name,Description,Price,BrandID,Category_Title) VALUES ('Pastry - Butterscotch Baked','standardization',27,38,'10');
INSERT INTO closeb_schema.Products(Name,Description,Price,BrandID,Category_Title) VALUES ('Syrup - Kahlua Chocolate','Triple-buffered',45,24,'8');
INSERT INTO closeb_schema.Products(Name,Description,Price,BrandID,Category_Title) VALUES ('Star Fruit','impactful',39,49,'37');
INSERT INTO closeb_schema.Products(Name,Description,Price,BrandID,Category_Title) VALUES ('Ice Cream Bar - Oreo Sandwich','Vision-oriented',10,26,'9');
INSERT INTO closeb_schema.Products(Name,Description,Price,BrandID,Category_Title) VALUES ('Wine - Touraine Azay - Le - Rideau','initiative',48,5,'8');
INSERT INTO closeb_schema.Products(Name,Description,Price,BrandID,Category_Title) VALUES ('Flour - Teff','executive',41,22,'15');
INSERT INTO closeb_schema.Products(Name,Description,Price,BrandID,Category_Title) VALUES ('Soup - Campbells, Classic Chix','disintermediate',9,43,'48');
INSERT INTO closeb_schema.Products(Name,Description,Price,BrandID,Category_Title) VALUES ('Pastry - Chocolate Marble Tea','coherent',50,48,'10');
INSERT INTO closeb_schema.Products(Name,Description,Price,BrandID,Category_Title) VALUES ('Carbonated Water - Orange','Face to face',30,11,'40');
INSERT INTO closeb_schema.Products(Name,Description,Price,BrandID,Category_Title) VALUES ('Grouper - Fresh','Reactive',50,14,'28');
INSERT INTO closeb_schema.Products(Name,Description,Price,BrandID,Category_Title) VALUES ('Huck White Towels','tangible',41,48,'16');
INSERT INTO closeb_schema.Products(Name,Description,Price,BrandID,Category_Title) VALUES ('Wine - Montecillo Rioja Crianza','Graphic Interface',9,29,'7');
INSERT INTO closeb_schema.Products(Name,Description,Price,BrandID,Category_Title) VALUES ('Spring Roll Veg Mini','Diverse',35,19,'50');
INSERT INTO closeb_schema.Products(Name,Description,Price,BrandID,Category_Title) VALUES ('V8 - Berry Blend','Ameliorated',49,43,'45');
INSERT INTO closeb_schema.Products(Name,Description,Price,BrandID,Category_Title) VALUES ('Noodles - Cellophane, Thin','multi-state',21,21,'8');
INSERT INTO closeb_schema.Products(Name,Description,Price,BrandID,Category_Title) VALUES ('Wine - Red, Antinori Santa','knowledge base',34,31,'30');
INSERT INTO closeb_schema.Products(Name,Description,Price,BrandID,Category_Title) VALUES ('Star Anise, Whole','open architecture',47,39,'28');
INSERT INTO closeb_schema.Products(Name,Description,Price,BrandID,Category_Title) VALUES ('Beef - Texas Style Burger','Phased',46,25,'11');
INSERT INTO closeb_schema.Products(Name,Description,Price,BrandID,Category_Title) VALUES ('Vanilla Beans','open architecture',17,34,'15');
INSERT INTO closeb_schema.Products(Name,Description,Price,BrandID,Category_Title) VALUES ('Split Peas - Yellow, Dry','Open-architected',28,17,'26');
INSERT INTO closeb_schema.Products(Name,Description,Price,BrandID,Category_Title) VALUES ('Papadam','Focused',36,13,'10');
INSERT INTO closeb_schema.Products(Name,Description,Price,BrandID,Category_Title) VALUES ('Syrup - Monin - Granny Smith','demand-driven',28,31,'41');
INSERT INTO closeb_schema.Products(Name,Description,Price,BrandID,Category_Title) VALUES ('Lamb - Loin Chops','structure',11,5,'29');
INSERT INTO closeb_schema.Products(Name,Description,Price,BrandID,Category_Title) VALUES ('Cheese - Pont Couvert','Multi-channelled',12,31,'46');
INSERT INTO closeb_schema.Products(Name,Description,Price,BrandID,Category_Title) VALUES ('Beef - Rib Roast, Capless','Optional',21,49,'31');
INSERT INTO closeb_schema.Products(Name,Description,Price,BrandID,Category_Title) VALUES ('Star Fruit','fault-tolerant',20,43,'41');
INSERT INTO closeb_schema.Products(Name,Description,Price,BrandID,Category_Title) VALUES ('Meldea Green Tea Liquor','4th generation',21,18,'26');
INSERT INTO closeb_schema.Products(Name,Description,Price,BrandID,Category_Title) VALUES ('Steampan Lid','Devolved',47,9,'6');
INSERT INTO closeb_schema.Products(Name,Description,Price,BrandID,Category_Title) VALUES ('Crackers - Soda / Saltins','Cross-platform',45,47,'46');
INSERT INTO closeb_schema.Products(Name,Description,Price,BrandID,Category_Title) VALUES ('Crackers - Graham','alliance',36,6,'1');
INSERT INTO closeb_schema.Products(Name,Description,Price,BrandID,Category_Title) VALUES ('Okra','framework',14,9,'42');
INSERT INTO closeb_schema.Products(Name,Description,Price,BrandID,Category_Title) VALUES ('Champagne - Brights, Dry','Monitored',14,8,'34');
INSERT INTO closeb_schema.Products(Name,Description,Price,BrandID,Category_Title) VALUES ('Wine - Alsace Gewurztraminer','adapter',2,43,'47');
INSERT INTO closeb_schema.Products(Name,Description,Price,BrandID,Category_Title) VALUES ('Salmon Steak - Cohoe 8 Oz','strategy',14,46,'41');
INSERT INTO closeb_schema.Products(Name,Description,Price,BrandID,Category_Title) VALUES ('Sole - Iqf','Mandatory',9,29,'6');
INSERT INTO closeb_schema.Products(Name,Description,Price,BrandID,Category_Title) VALUES ('Beer - Mill St Organic','system engine',36,43,'40');
INSERT INTO closeb_schema.Products(Name,Description,Price,BrandID,Category_Title) VALUES ('Black Currants','contingency',28,35,'3');
INSERT INTO closeb_schema.Products(Name,Description,Price,BrandID,Category_Title) VALUES ('Pepper - Green','interface',30,8,'2');
INSERT INTO closeb_schema.Products(Name,Description,Price,BrandID,Category_Title) VALUES ('Icecream Cone - Areo Chocolate','Persistent',13,19,'3');
INSERT INTO closeb_schema.Products(Name,Description,Price,BrandID,Category_Title) VALUES ('Pasta - Canelloni, Single Serve','pricing structure',19,11,'5');
INSERT INTO closeb_schema.Products(Name,Description,Price,BrandID,Category_Title) VALUES ('Pasta - Orecchiette','Devolved',5,20,'21');
INSERT INTO closeb_schema.Products(Name,Description,Price,BrandID,Category_Title) VALUES ('Foam Cup 6 Oz','zero defect',42,50,'31');
INSERT INTO closeb_schema.Products(Name,Description,Price,BrandID,Category_Title) VALUES ('Veal - Round, Eye Of','methodology',50,4,'47');
INSERT INTO closeb_schema.Products(Name,Description,Price,BrandID,Category_Title) VALUES ('Fudge - Chocolate Fudge','discrete',27,38,'26');
INSERT INTO closeb_schema.Products(Name,Description,Price,BrandID,Category_Title) VALUES ('Cotton Wet Mop 16 Oz','Face to face',33,26,'14');
INSERT INTO closeb_schema.Products(Name,Description,Price,BrandID,Category_Title) VALUES ('Pork - Bacon, Double Smoked','Secured',28,30,'43');
INSERT INTO closeb_schema.Products(Name,Description,Price,BrandID,Category_Title) VALUES ('Muffin Mix - Chocolate Chip','secured line',48,4,'41');
INSERT INTO closeb_schema.Products(Name,Description,Price,BrandID,Category_Title) VALUES ('Grapes - Black','framework',30,16,'47');
INSERT INTO closeb_schema.Products(Name,Description,Price,BrandID,Category_Title) VALUES ('Chinese Foods - Chicken','Fully-configurable',20,13,'42');
INSERT INTO closeb_schema.Products(Name,Description,Price,BrandID,Category_Title) VALUES ('Cup - 3.5oz, Foam','Innovative',42,1,'14');
INSERT INTO closeb_schema.Products(Name,Description,Price,BrandID,Category_Title) VALUES ('Chef Hat 25cm','open architecture',24,11,'49');
INSERT INTO closeb_schema.Products(Name,Description,Price,BrandID,Category_Title) VALUES ('Wine - Pinot Noir Latour','directional',2,44,'11');
INSERT INTO closeb_schema.Products(Name,Description,Price,BrandID,Category_Title) VALUES ('Pineapple - Golden','time-frame',32,31,'18');
INSERT INTO closeb_schema.Products(Name,Description,Price,BrandID,Category_Title) VALUES ('7up Diet, 355 Ml','portal',18,28,'38');
INSERT INTO closeb_schema.Products(Name,Description,Price,BrandID,Category_Title) VALUES ('Flour - Strong','flexibility',16,33,'2');
INSERT INTO closeb_schema.Products(Name,Description,Price,BrandID,Category_Title) VALUES ('Salmon - Atlantic, Skin On','full-range',13,13,'50');
INSERT INTO closeb_schema.Products(Name,Description,Price,BrandID,Category_Title) VALUES ('Mustard - Individual Pkg','Profound',17,20,'11');
INSERT INTO closeb_schema.Products(Name,Description,Price,BrandID,Category_Title) VALUES ('Sauce - Apple, Unsweetened','holistic',45,6,'25');
INSERT INTO closeb_schema.Products(Name,Description,Price,BrandID,Category_Title) VALUES ('Wine - Riesling Alsace Ac 2001','software',11,9,'19');
INSERT INTO closeb_schema.Products(Name,Description,Price,BrandID,Category_Title) VALUES ('Lettuce - Romaine, Heart','Multi-lateral',25,13,'14');
INSERT INTO closeb_schema.Products(Name,Description,Price,BrandID,Category_Title) VALUES ('Sea Urchin','Monitored',37,18,'25');
INSERT INTO closeb_schema.Products(Name,Description,Price,BrandID,Category_Title) VALUES ('Coconut Milk - Unsweetened','Quality-focused',23,23,'34');
INSERT INTO closeb_schema.Products(Name,Description,Price,BrandID,Category_Title) VALUES ('Sea Bass - Fillets','intangible',27,24,'27');
INSERT INTO closeb_schema.Products(Name,Description,Price,BrandID,Category_Title) VALUES ('Juice - Grape, White','matrix',50,27,'22');
INSERT INTO closeb_schema.Products(Name,Description,Price,BrandID,Category_Title) VALUES ('The Pop Shoppe - Black Cherry','Upgradable',26,35,'26');
INSERT INTO closeb_schema.Products(Name,Description,Price,BrandID,Category_Title) VALUES ('Browning Caramel Glace','core',46,25,'23');
INSERT INTO closeb_schema.Products(Name,Description,Price,BrandID,Category_Title) VALUES ('Soup - Campbells, Chix Gumbo','Profound',12,36,'39');
INSERT INTO closeb_schema.Products(Name,Description,Price,BrandID,Category_Title) VALUES ('Beef Dry Aged Tenderloin Aaa','Visionary',12,15,'5');
INSERT INTO closeb_schema.Products(Name,Description,Price,BrandID,Category_Title) VALUES ('Beans - Black Bean, Canned','optimizing',3,19,'50');
INSERT INTO closeb_schema.Products(Name,Description,Price,BrandID,Category_Title) VALUES ('Cinnamon Buns Sticky','time-frame',44,27,'47');
INSERT INTO closeb_schema.Products(Name,Description,Price,BrandID,Category_Title) VALUES ('Cauliflower','Enhanced',13,46,'38');
INSERT INTO closeb_schema.Products(Name,Description,Price,BrandID,Category_Title) VALUES ('Sauce - Ranch Dressing','Profit-focused',38,3,'13');
INSERT INTO closeb_schema.Products(Name,Description,Price,BrandID,Category_Title) VALUES ('Turkey - Breast, Double','intangible',4,46,'1');
INSERT INTO closeb_schema.Products(Name,Description,Price,BrandID,Category_Title) VALUES ('Cookie Dough - Peanut Butter','utilisation',10,35,'40');
INSERT INTO closeb_schema.Products(Name,Description,Price,BrandID,Category_Title) VALUES ('Cookie Double Choco','open architecture',16,24,'31');
INSERT INTO closeb_schema.Products(Name,Description,Price,BrandID,Category_Title) VALUES ('Truffle Paste','Profound',11,39,'44');
INSERT INTO closeb_schema.Products(Name,Description,Price,BrandID,Category_Title) VALUES ('Napkin - Beverge, White 2 - Ply','Phased',18,18,'32');
INSERT INTO closeb_schema.Products(Name,Description,Price,BrandID,Category_Title) VALUES ('Bacardi Breezer - Strawberry','Advanced',41,30,'8');
INSERT INTO closeb_schema.Products(Name,Description,Price,BrandID,Category_Title) VALUES ('Wine - Ej Gallo Sierra Valley','hub',22,17,'30');
INSERT INTO closeb_schema.Products(Name,Description,Price,BrandID,Category_Title) VALUES ('Pepper - White, Ground','synergy',19,6,'2');
INSERT INTO closeb_schema.Products(Name,Description,Price,BrandID,Category_Title) VALUES ('Oil - Cooking Spray','Face to face',5,26,'18');
INSERT INTO closeb_schema.Products(Name,Description,Price,BrandID,Category_Title) VALUES ('Pastry - Banana Tea Loaf','infrastructure',10,33,'6');
INSERT INTO closeb_schema.Products(Name,Description,Price,BrandID,Category_Title) VALUES ('Cookies Oatmeal Raisin','encryption',10,43,'41');

-- Variants
INSERT INTO closeb_schema.Variants(ProductID,color,size,stock) VALUES (120,'Aquamarine','S',1);
INSERT INTO closeb_schema.Variants(ProductID,color,size,stock) VALUES (91,'Red','L',94);
INSERT INTO closeb_schema.Variants(ProductID,color,size,stock) VALUES (27,'Violet','2XL',7);
INSERT INTO closeb_schema.Variants(ProductID,color,size,stock) VALUES (122,'Green','L',36);
INSERT INTO closeb_schema.Variants(ProductID,color,size,stock) VALUES (144,'Red','S',20);
INSERT INTO closeb_schema.Variants(ProductID,color,size,stock) VALUES (125,'Aquamarine','L',100);
INSERT INTO closeb_schema.Variants(ProductID,color,size,stock) VALUES (129,'Teal','3XL',80);
INSERT INTO closeb_schema.Variants(ProductID,color,size,stock) VALUES (75,'Indigo','XS',98);
INSERT INTO closeb_schema.Variants(ProductID,color,size,stock) VALUES (14,'Khaki','2XL',49);
INSERT INTO closeb_schema.Variants(ProductID,color,size,stock) VALUES (115,'Green','M',20);
INSERT INTO closeb_schema.Variants(ProductID,color,size,stock) VALUES (51,'Fuscia','XS',15);
INSERT INTO closeb_schema.Variants(ProductID,color,size,stock) VALUES (3,'Fuscia','S',74);
INSERT INTO closeb_schema.Variants(ProductID,color,size,stock) VALUES (95,'Puce','S',25);
INSERT INTO closeb_schema.Variants(ProductID,color,size,stock) VALUES (49,'Yellow','3XL',85);
INSERT INTO closeb_schema.Variants(ProductID,color,size,stock) VALUES (137,'Red','L',31);
INSERT INTO closeb_schema.Variants(ProductID,color,size,stock) VALUES (148,'Pink','2XL',93);
INSERT INTO closeb_schema.Variants(ProductID,color,size,stock) VALUES (35,'Purple','L',3);
INSERT INTO closeb_schema.Variants(ProductID,color,size,stock) VALUES (29,'Red','XS',49);
INSERT INTO closeb_schema.Variants(ProductID,color,size,stock) VALUES (129,'Turquoise','M',100);
INSERT INTO closeb_schema.Variants(ProductID,color,size,stock) VALUES (19,'Crimson','L',88);
INSERT INTO closeb_schema.Variants(ProductID,color,size,stock) VALUES (28,'Yellow','XL',75);
INSERT INTO closeb_schema.Variants(ProductID,color,size,stock) VALUES (137,'Mauv','L',16);
INSERT INTO closeb_schema.Variants(ProductID,color,size,stock) VALUES (85,'Purple','XL',49);
INSERT INTO closeb_schema.Variants(ProductID,color,size,stock) VALUES (13,'Mauv','2XL',77);
INSERT INTO closeb_schema.Variants(ProductID,color,size,stock) VALUES (97,'Violet','S',21);
INSERT INTO closeb_schema.Variants(ProductID,color,size,stock) VALUES (101,'Purple','S',28);
INSERT INTO closeb_schema.Variants(ProductID,color,size,stock) VALUES (26,'Violet','L',51);
INSERT INTO closeb_schema.Variants(ProductID,color,size,stock) VALUES (84,'Crimson','XL',50);
INSERT INTO closeb_schema.Variants(ProductID,color,size,stock) VALUES (122,'Goldenrod','XS',9);
INSERT INTO closeb_schema.Variants(ProductID,color,size,stock) VALUES (27,'Orange','XL',69);
INSERT INTO closeb_schema.Variants(ProductID,color,size,stock) VALUES (112,'Turquoise','L',11);
INSERT INTO closeb_schema.Variants(ProductID,color,size,stock) VALUES (149,'Blue','3XL',70);
INSERT INTO closeb_schema.Variants(ProductID,color,size,stock) VALUES (55,'Fuscia','XL',74);
INSERT INTO closeb_schema.Variants(ProductID,color,size,stock) VALUES (62,'Puce','XS',38);
INSERT INTO closeb_schema.Variants(ProductID,color,size,stock) VALUES (110,'Khaki','S',30);
INSERT INTO closeb_schema.Variants(ProductID,color,size,stock) VALUES (43,'Turquoise','M',84);
INSERT INTO closeb_schema.Variants(ProductID,color,size,stock) VALUES (14,'Red','XS',41);
INSERT INTO closeb_schema.Variants(ProductID,color,size,stock) VALUES (144,'Teal','3XL',32);
INSERT INTO closeb_schema.Variants(ProductID,color,size,stock) VALUES (116,'Mauv','3XL',49);
INSERT INTO closeb_schema.Variants(ProductID,color,size,stock) VALUES (81,'Purple','3XL',66);
INSERT INTO closeb_schema.Variants(ProductID,color,size,stock) VALUES (58,'Mauv','3XL',53);
INSERT INTO closeb_schema.Variants(ProductID,color,size,stock) VALUES (50,'Khaki','XS',82);
INSERT INTO closeb_schema.Variants(ProductID,color,size,stock) VALUES (20,'Green','M',29);
INSERT INTO closeb_schema.Variants(ProductID,color,size,stock) VALUES (86,'Khaki','S',41);
INSERT INTO closeb_schema.Variants(ProductID,color,size,stock) VALUES (77,'Aquamarine','2XL',4);
INSERT INTO closeb_schema.Variants(ProductID,color,size,stock) VALUES (83,'Puce','XL',1);
INSERT INTO closeb_schema.Variants(ProductID,color,size,stock) VALUES (42,'Fuscia','3XL',18);
INSERT INTO closeb_schema.Variants(ProductID,color,size,stock) VALUES (62,'Mauv','3XL',44);
INSERT INTO closeb_schema.Variants(ProductID,color,size,stock) VALUES (18,'Aquamarine','2XL',97);
INSERT INTO closeb_schema.Variants(ProductID,color,size,stock) VALUES (44,'Mauv','2XL',19);
INSERT INTO closeb_schema.Variants(ProductID,color,size,stock) VALUES (139,'Pink','L',22);
INSERT INTO closeb_schema.Variants(ProductID,color,size,stock) VALUES (131,'Fuscia','M',39);
INSERT INTO closeb_schema.Variants(ProductID,color,size,stock) VALUES (20,'Purple','XL',73);
INSERT INTO closeb_schema.Variants(ProductID,color,size,stock) VALUES (19,'Orange','S',96);
INSERT INTO closeb_schema.Variants(ProductID,color,size,stock) VALUES (127,'Aquamarine','M',69);
INSERT INTO closeb_schema.Variants(ProductID,color,size,stock) VALUES (109,'Blue','XS',50);
INSERT INTO closeb_schema.Variants(ProductID,color,size,stock) VALUES (118,'Indigo','L',85);
INSERT INTO closeb_schema.Variants(ProductID,color,size,stock) VALUES (61,'Puce','M',37);
INSERT INTO closeb_schema.Variants(ProductID,color,size,stock) VALUES (115,'Yellow','S',69);
INSERT INTO closeb_schema.Variants(ProductID,color,size,stock) VALUES (55,'Puce','M',55);
INSERT INTO closeb_schema.Variants(ProductID,color,size,stock) VALUES (57,'Blue','XS',19);
INSERT INTO closeb_schema.Variants(ProductID,color,size,stock) VALUES (65,'Turquoise','3XL',22);
INSERT INTO closeb_schema.Variants(ProductID,color,size,stock) VALUES (53,'Yellow','M',68);
INSERT INTO closeb_schema.Variants(ProductID,color,size,stock) VALUES (55,'Khaki','M',5);
INSERT INTO closeb_schema.Variants(ProductID,color,size,stock) VALUES (29,'Purple','S',79);
INSERT INTO closeb_schema.Variants(ProductID,color,size,stock) VALUES (76,'Goldenrod','M',6);
INSERT INTO closeb_schema.Variants(ProductID,color,size,stock) VALUES (65,'Yellow','XL',50);
INSERT INTO closeb_schema.Variants(ProductID,color,size,stock) VALUES (33,'Fuscia','2XL',29);
INSERT INTO closeb_schema.Variants(ProductID,color,size,stock) VALUES (117,'Pink','L',64);
INSERT INTO closeb_schema.Variants(ProductID,color,size,stock) VALUES (150,'Puce','S',47);
INSERT INTO closeb_schema.Variants(ProductID,color,size,stock) VALUES (87,'Red','M',79);
INSERT INTO closeb_schema.Variants(ProductID,color,size,stock) VALUES (115,'Blue','XL',74);
INSERT INTO closeb_schema.Variants(ProductID,color,size,stock) VALUES (148,'Blue','3XL',87);
INSERT INTO closeb_schema.Variants(ProductID,color,size,stock) VALUES (4,'Aquamarine','2XL',22);
INSERT INTO closeb_schema.Variants(ProductID,color,size,stock) VALUES (16,'Pink','2XL',1);
INSERT INTO closeb_schema.Variants(ProductID,color,size,stock) VALUES (92,'Turquoise','2XL',35);
INSERT INTO closeb_schema.Variants(ProductID,color,size,stock) VALUES (88,'Violet','XS',86);
INSERT INTO closeb_schema.Variants(ProductID,color,size,stock) VALUES (126,'Goldenrod','XS',17);
INSERT INTO closeb_schema.Variants(ProductID,color,size,stock) VALUES (25,'Aquamarine','XS',74);
INSERT INTO closeb_schema.Variants(ProductID,color,size,stock) VALUES (147,'Maroon','S',56);
INSERT INTO closeb_schema.Variants(ProductID,color,size,stock) VALUES (17,'Mauv','3XL',37);
INSERT INTO closeb_schema.Variants(ProductID,color,size,stock) VALUES (102,'Puce','XS',93);
INSERT INTO closeb_schema.Variants(ProductID,color,size,stock) VALUES (115,'Purple','S',71);
INSERT INTO closeb_schema.Variants(ProductID,color,size,stock) VALUES (73,'Goldenrod','3XL',40);
INSERT INTO closeb_schema.Variants(ProductID,color,size,stock) VALUES (118,'Maroon','S',91);
INSERT INTO closeb_schema.Variants(ProductID,color,size,stock) VALUES (62,'Orange','XS',92);
INSERT INTO closeb_schema.Variants(ProductID,color,size,stock) VALUES (24,'Aquamarine','S',46);
INSERT INTO closeb_schema.Variants(ProductID,color,size,stock) VALUES (11,'Goldenrod','2XL',26);
INSERT INTO closeb_schema.Variants(ProductID,color,size,stock) VALUES (91,'Purple','S',35);
INSERT INTO closeb_schema.Variants(ProductID,color,size,stock) VALUES (99,'Yellow','XL',38);
INSERT INTO closeb_schema.Variants(ProductID,color,size,stock) VALUES (93,'Crimson','3XL',49);
INSERT INTO closeb_schema.Variants(ProductID,color,size,stock) VALUES (7,'Aquamarine','L',90);
INSERT INTO closeb_schema.Variants(ProductID,color,size,stock) VALUES (106,'Mauv','XL',42);
INSERT INTO closeb_schema.Variants(ProductID,color,size,stock) VALUES (59,'Fuscia','XL',45);
INSERT INTO closeb_schema.Variants(ProductID,color,size,stock) VALUES (3,'Purple','S',45);
INSERT INTO closeb_schema.Variants(ProductID,color,size,stock) VALUES (71,'Puce','XS',74);
INSERT INTO closeb_schema.Variants(ProductID,color,size,stock) VALUES (103,'Khaki','3XL',55);
INSERT INTO closeb_schema.Variants(ProductID,color,size,stock) VALUES (90,'Purple','3XL',2);
INSERT INTO closeb_schema.Variants(ProductID,color,size,stock) VALUES (35,'Fuscia','L',99);
INSERT INTO closeb_schema.Variants(ProductID,color,size,stock) VALUES (122,'Mauv','L',96);
INSERT INTO closeb_schema.Variants(ProductID,color,size,stock) VALUES (40,'Turquoise','L',46);
INSERT INTO closeb_schema.Variants(ProductID,color,size,stock) VALUES (78,'Violet','S',36);
INSERT INTO closeb_schema.Variants(ProductID,color,size,stock) VALUES (18,'Teal','XL',47);
INSERT INTO closeb_schema.Variants(ProductID,color,size,stock) VALUES (137,'Yellow','XL',5);
INSERT INTO closeb_schema.Variants(ProductID,color,size,stock) VALUES (70,'Maroon','M',51);
INSERT INTO closeb_schema.Variants(ProductID,color,size,stock) VALUES (15,'Green','L',33);
INSERT INTO closeb_schema.Variants(ProductID,color,size,stock) VALUES (27,'Yellow','XS',54);
INSERT INTO closeb_schema.Variants(ProductID,color,size,stock) VALUES (81,'Indigo','XS',77);
INSERT INTO closeb_schema.Variants(ProductID,color,size,stock) VALUES (135,'Goldenrod','M',79);
INSERT INTO closeb_schema.Variants(ProductID,color,size,stock) VALUES (11,'Puce','3XL',56);
INSERT INTO closeb_schema.Variants(ProductID,color,size,stock) VALUES (97,'Violet','XS',8);
INSERT INTO closeb_schema.Variants(ProductID,color,size,stock) VALUES (132,'Turquoise','S',29);
INSERT INTO closeb_schema.Variants(ProductID,color,size,stock) VALUES (12,'Green','S',54);
INSERT INTO closeb_schema.Variants(ProductID,color,size,stock) VALUES (89,'Puce','3XL',87);
INSERT INTO closeb_schema.Variants(ProductID,color,size,stock) VALUES (74,'Maroon','3XL',40);
INSERT INTO closeb_schema.Variants(ProductID,color,size,stock) VALUES (9,'Khaki','XS',83);
INSERT INTO closeb_schema.Variants(ProductID,color,size,stock) VALUES (123,'Yellow','S',80);
INSERT INTO closeb_schema.Variants(ProductID,color,size,stock) VALUES (53,'Violet','3XL',71);
INSERT INTO closeb_schema.Variants(ProductID,color,size,stock) VALUES (88,'Goldenrod','S',1);
INSERT INTO closeb_schema.Variants(ProductID,color,size,stock) VALUES (44,'Red','XL',87);
INSERT INTO closeb_schema.Variants(ProductID,color,size,stock) VALUES (87,'Turquoise','S',90);
INSERT INTO closeb_schema.Variants(ProductID,color,size,stock) VALUES (55,'Aquamarine','2XL',59);
INSERT INTO closeb_schema.Variants(ProductID,color,size,stock) VALUES (130,'Crimson','S',75);
INSERT INTO closeb_schema.Variants(ProductID,color,size,stock) VALUES (91,'Puce','2XL',14);
INSERT INTO closeb_schema.Variants(ProductID,color,size,stock) VALUES (20,'Green','M',76);
INSERT INTO closeb_schema.Variants(ProductID,color,size,stock) VALUES (122,'Goldenrod','2XL',54);
INSERT INTO closeb_schema.Variants(ProductID,color,size,stock) VALUES (149,'Aquamarine','M',62);
INSERT INTO closeb_schema.Variants(ProductID,color,size,stock) VALUES (106,'Aquamarine','3XL',26);
INSERT INTO closeb_schema.Variants(ProductID,color,size,stock) VALUES (38,'Violet','S',93);
INSERT INTO closeb_schema.Variants(ProductID,color,size,stock) VALUES (21,'Pink','XL',31);

-- Carriers
INSERT INTO closeb_schema.Carriers(Phone,Email) VALUES ('644-415-8154','dbrigshaw0@google.cn');
INSERT INTO closeb_schema.Carriers(Phone,Email) VALUES ('233-704-6388','giohananof1@godaddy.com');
INSERT INTO closeb_schema.Carriers(Phone,Email) VALUES ('247-381-2865','fgoldberg2@soundcloud.com');
INSERT INTO closeb_schema.Carriers(Phone,Email) VALUES ('259-441-9331','kcutchee3@github.com');
INSERT INTO closeb_schema.Carriers(Phone,Email) VALUES ('629-902-3274','cissacov4@noaa.gov');
INSERT INTO closeb_schema.Carriers(Phone,Email) VALUES ('925-187-6410','cjaukovic5@histats.com');
INSERT INTO closeb_schema.Carriers(Phone,Email) VALUES ('800-365-1917','ftoplin6@sciencedaily.com');
INSERT INTO closeb_schema.Carriers(Phone,Email) VALUES ('748-285-2216','bpaley7@whitehouse.gov');
INSERT INTO closeb_schema.Carriers(Phone,Email) VALUES ('631-669-2964','mvango8@springer.com');
INSERT INTO closeb_schema.Carriers(Phone,Email) VALUES ('158-697-5868','acarncross9@nbcnews.com');
INSERT INTO closeb_schema.Carriers(Phone,Email) VALUES ('398-328-1400','rliebera@army.mil');
INSERT INTO closeb_schema.Carriers(Phone,Email) VALUES ('220-515-1009','gbaeldeb@nba.com');
INSERT INTO closeb_schema.Carriers(Phone,Email) VALUES ('559-682-2663','rcollesc@ibm.com');
INSERT INTO closeb_schema.Carriers(Phone,Email) VALUES ('836-491-4415','mgallandred@istockphoto.com');
INSERT INTO closeb_schema.Carriers(Phone,Email) VALUES ('107-287-9750','ethorwarthe@senate.gov');
INSERT INTO closeb_schema.Carriers(Phone,Email) VALUES ('399-353-7614','cifillf@ameblo.jp');
INSERT INTO closeb_schema.Carriers(Phone,Email) VALUES ('115-894-4943','adanieliang@webmd.com');
INSERT INTO closeb_schema.Carriers(Phone,Email) VALUES ('159-163-3913','lgowenh@google.com.hk');
INSERT INTO closeb_schema.Carriers(Phone,Email) VALUES ('531-609-8102','fgoulstoni@indiegogo.com');
INSERT INTO closeb_schema.Carriers(Phone,Email) VALUES ('864-680-0145','mcorkhillj@google.com.br');
INSERT INTO closeb_schema.Carriers(Phone,Email) VALUES ('245-513-5513','mdelgadok@indiatimes.com');
INSERT INTO closeb_schema.Carriers(Phone,Email) VALUES ('860-593-8512','hstonalll@epa.gov');
INSERT INTO closeb_schema.Carriers(Phone,Email) VALUES ('479-502-9684','mkruszelnickim@hud.gov');
INSERT INTO closeb_schema.Carriers(Phone,Email) VALUES ('738-647-4609','ajewisn@answers.com');
INSERT INTO closeb_schema.Carriers(Phone,Email) VALUES ('634-753-7717','dlovato@360.cn');
INSERT INTO closeb_schema.Carriers(Phone,Email) VALUES ('591-182-1775','gburchessp@marketwatch.com');
INSERT INTO closeb_schema.Carriers(Phone,Email) VALUES ('104-619-1466','tkinworthyq@canalblog.com');
INSERT INTO closeb_schema.Carriers(Phone,Email) VALUES ('368-367-0386','gkowalskir@prlog.org');
INSERT INTO closeb_schema.Carriers(Phone,Email) VALUES ('144-328-2112','jprobbingss@salon.com');
INSERT INTO closeb_schema.Carriers(Phone,Email) VALUES ('779-646-3654','thadlingtont@tumblr.com');
INSERT INTO closeb_schema.Carriers(Phone,Email) VALUES ('766-630-8626','bahmedu@state.tx.us');
INSERT INTO closeb_schema.Carriers(Phone,Email) VALUES ('629-533-3665','jhurichv@miibeian.gov.cn');
INSERT INTO closeb_schema.Carriers(Phone,Email) VALUES ('944-261-2550','kspeirsw@opera.com');
INSERT INTO closeb_schema.Carriers(Phone,Email) VALUES ('387-292-5596','esantox@un.org');
INSERT INTO closeb_schema.Carriers(Phone,Email) VALUES ('488-712-3840','jgonsaloy@wikispaces.com');
INSERT INTO closeb_schema.Carriers(Phone,Email) VALUES ('115-514-0085','fevangelinosz@tinyurl.com');
INSERT INTO closeb_schema.Carriers(Phone,Email) VALUES ('412-569-7601','mlanphier10@washingtonpost.com');
INSERT INTO closeb_schema.Carriers(Phone,Email) VALUES ('350-741-0372','dbaroux11@census.gov');
INSERT INTO closeb_schema.Carriers(Phone,Email) VALUES ('937-285-9409','gdurdan12@edublogs.org');
INSERT INTO closeb_schema.Carriers(Phone,Email) VALUES ('287-906-2017','cscrivenor13@scientificamerican.com');
INSERT INTO closeb_schema.Carriers(Phone,Email) VALUES ('646-276-8918','fboeck14@dailymail.co.uk');
INSERT INTO closeb_schema.Carriers(Phone,Email) VALUES ('936-154-8059','drobe15@joomla.org');
INSERT INTO closeb_schema.Carriers(Phone,Email) VALUES ('843-227-8455','aharse16@cbsnews.com');
INSERT INTO closeb_schema.Carriers(Phone,Email) VALUES ('725-386-3284','bmailey17@npr.org');
INSERT INTO closeb_schema.Carriers(Phone,Email) VALUES ('403-648-4082','gtrenouth18@discuz.net');
INSERT INTO closeb_schema.Carriers(Phone,Email) VALUES ('216-281-0711','bhalshaw19@unblog.fr');
INSERT INTO closeb_schema.Carriers(Phone,Email) VALUES ('191-162-6439','rjanicek1a@bluehost.com');
INSERT INTO closeb_schema.Carriers(Phone,Email) VALUES ('838-419-6449','kthunnercliff1b@house.gov');
INSERT INTO closeb_schema.Carriers(Phone,Email) VALUES ('244-110-3957','dbunten1c@dropbox.com');
INSERT INTO closeb_schema.Carriers(Phone,Email) VALUES ('699-780-6066','mernshaw1d@gravatar.com');



-- Carrier_rates
INSERT INTO closeb_schema.Carrier_rates(CarrierID,ZIP,Price) VALUES (27,40736,23);
INSERT INTO closeb_schema.Carrier_rates(CarrierID,ZIP,Price) VALUES (40,98256,46);
INSERT INTO closeb_schema.Carrier_rates(CarrierID,ZIP,Price) VALUES (30,70183,93);
INSERT INTO closeb_schema.Carrier_rates(CarrierID,ZIP,Price) VALUES (39,98112,50);
INSERT INTO closeb_schema.Carrier_rates(CarrierID,ZIP,Price) VALUES (30,96789,43);
INSERT INTO closeb_schema.Carrier_rates(CarrierID,ZIP,Price) VALUES (2,74963,75);
INSERT INTO closeb_schema.Carrier_rates(CarrierID,ZIP,Price) VALUES (48,88711,72);
INSERT INTO closeb_schema.Carrier_rates(CarrierID,ZIP,Price) VALUES (47,58396,12);
INSERT INTO closeb_schema.Carrier_rates(CarrierID,ZIP,Price) VALUES (30,33790,96);
INSERT INTO closeb_schema.Carrier_rates(CarrierID,ZIP,Price) VALUES (7,68138,86);
INSERT INTO closeb_schema.Carrier_rates(CarrierID,ZIP,Price) VALUES (4,80734,4);
INSERT INTO closeb_schema.Carrier_rates(CarrierID,ZIP,Price) VALUES (45,35576,88);
INSERT INTO closeb_schema.Carrier_rates(CarrierID,ZIP,Price) VALUES (6,84236,66);
INSERT INTO closeb_schema.Carrier_rates(CarrierID,ZIP,Price) VALUES (1,42287,45);
INSERT INTO closeb_schema.Carrier_rates(CarrierID,ZIP,Price) VALUES (5,17476,53);
INSERT INTO closeb_schema.Carrier_rates(CarrierID,ZIP,Price) VALUES (25,88361,96);
INSERT INTO closeb_schema.Carrier_rates(CarrierID,ZIP,Price) VALUES (9,46804,48);
INSERT INTO closeb_schema.Carrier_rates(CarrierID,ZIP,Price) VALUES (46,36221,39);
INSERT INTO closeb_schema.Carrier_rates(CarrierID,ZIP,Price) VALUES (1,27323,44);
INSERT INTO closeb_schema.Carrier_rates(CarrierID,ZIP,Price) VALUES (37,74621,91);
INSERT INTO closeb_schema.Carrier_rates(CarrierID,ZIP,Price) VALUES (47,35316,62);
INSERT INTO closeb_schema.Carrier_rates(CarrierID,ZIP,Price) VALUES (38,24834,26);
INSERT INTO closeb_schema.Carrier_rates(CarrierID,ZIP,Price) VALUES (4,89285,39);
INSERT INTO closeb_schema.Carrier_rates(CarrierID,ZIP,Price) VALUES (35,27657,76);
INSERT INTO closeb_schema.Carrier_rates(CarrierID,ZIP,Price) VALUES (15,57800,90);
INSERT INTO closeb_schema.Carrier_rates(CarrierID,ZIP,Price) VALUES (34,76766,61);
INSERT INTO closeb_schema.Carrier_rates(CarrierID,ZIP,Price) VALUES (30,90942,57);
INSERT INTO closeb_schema.Carrier_rates(CarrierID,ZIP,Price) VALUES (27,64232,89);
INSERT INTO closeb_schema.Carrier_rates(CarrierID,ZIP,Price) VALUES (23,70790,92);
INSERT INTO closeb_schema.Carrier_rates(CarrierID,ZIP,Price) VALUES (9,54522,7);
INSERT INTO closeb_schema.Carrier_rates(CarrierID,ZIP,Price) VALUES (26,94319,43);
INSERT INTO closeb_schema.Carrier_rates(CarrierID,ZIP,Price) VALUES (1,39906,21);
INSERT INTO closeb_schema.Carrier_rates(CarrierID,ZIP,Price) VALUES (26,34625,87);
INSERT INTO closeb_schema.Carrier_rates(CarrierID,ZIP,Price) VALUES (42,87973,72);
INSERT INTO closeb_schema.Carrier_rates(CarrierID,ZIP,Price) VALUES (9,20408,3);
INSERT INTO closeb_schema.Carrier_rates(CarrierID,ZIP,Price) VALUES (23,76124,30);
INSERT INTO closeb_schema.Carrier_rates(CarrierID,ZIP,Price) VALUES (50,62320,65);
INSERT INTO closeb_schema.Carrier_rates(CarrierID,ZIP,Price) VALUES (37,98641,37);
INSERT INTO closeb_schema.Carrier_rates(CarrierID,ZIP,Price) VALUES (35,78081,81);
INSERT INTO closeb_schema.Carrier_rates(CarrierID,ZIP,Price) VALUES (44,82606,45);
INSERT INTO closeb_schema.Carrier_rates(CarrierID,ZIP,Price) VALUES (50,37443,47);
INSERT INTO closeb_schema.Carrier_rates(CarrierID,ZIP,Price) VALUES (32,99249,71);
INSERT INTO closeb_schema.Carrier_rates(CarrierID,ZIP,Price) VALUES (18,33545,12);
INSERT INTO closeb_schema.Carrier_rates(CarrierID,ZIP,Price) VALUES (8,15642,51);
INSERT INTO closeb_schema.Carrier_rates(CarrierID,ZIP,Price) VALUES (25,91076,92);
INSERT INTO closeb_schema.Carrier_rates(CarrierID,ZIP,Price) VALUES (24,19302,23);
INSERT INTO closeb_schema.Carrier_rates(CarrierID,ZIP,Price) VALUES (49,39952,14);
INSERT INTO closeb_schema.Carrier_rates(CarrierID,ZIP,Price) VALUES (35,77046,39);
INSERT INTO closeb_schema.Carrier_rates(CarrierID,ZIP,Price) VALUES (12,27538,70);
INSERT INTO closeb_schema.Carrier_rates(CarrierID,ZIP,Price) VALUES (23,59307,7);
INSERT INTO closeb_schema.Carrier_rates(CarrierID,ZIP,Price) VALUES (42,70647,6);
INSERT INTO closeb_schema.Carrier_rates(CarrierID,ZIP,Price) VALUES (9,19698,39);
INSERT INTO closeb_schema.Carrier_rates(CarrierID,ZIP,Price) VALUES (23,61052,24);
INSERT INTO closeb_schema.Carrier_rates(CarrierID,ZIP,Price) VALUES (35,62492,33);
INSERT INTO closeb_schema.Carrier_rates(CarrierID,ZIP,Price) VALUES (17,34252,96);
INSERT INTO closeb_schema.Carrier_rates(CarrierID,ZIP,Price) VALUES (11,73372,54);
INSERT INTO closeb_schema.Carrier_rates(CarrierID,ZIP,Price) VALUES (48,38119,79);
INSERT INTO closeb_schema.Carrier_rates(CarrierID,ZIP,Price) VALUES (6,36441,88);
INSERT INTO closeb_schema.Carrier_rates(CarrierID,ZIP,Price) VALUES (31,42659,49);
INSERT INTO closeb_schema.Carrier_rates(CarrierID,ZIP,Price) VALUES (20,53249,64);
INSERT INTO closeb_schema.Carrier_rates(CarrierID,ZIP,Price) VALUES (42,79524,51);
INSERT INTO closeb_schema.Carrier_rates(CarrierID,ZIP,Price) VALUES (32,41299,41);
INSERT INTO closeb_schema.Carrier_rates(CarrierID,ZIP,Price) VALUES (11,73607,27);
INSERT INTO closeb_schema.Carrier_rates(CarrierID,ZIP,Price) VALUES (48,27831,87);
INSERT INTO closeb_schema.Carrier_rates(CarrierID,ZIP,Price) VALUES (24,81838,84);
INSERT INTO closeb_schema.Carrier_rates(CarrierID,ZIP,Price) VALUES (19,96458,73);
INSERT INTO closeb_schema.Carrier_rates(CarrierID,ZIP,Price) VALUES (42,88227,52);
INSERT INTO closeb_schema.Carrier_rates(CarrierID,ZIP,Price) VALUES (43,87203,66);
INSERT INTO closeb_schema.Carrier_rates(CarrierID,ZIP,Price) VALUES (19,72616,26);
INSERT INTO closeb_schema.Carrier_rates(CarrierID,ZIP,Price) VALUES (43,16368,52);
INSERT INTO closeb_schema.Carrier_rates(CarrierID,ZIP,Price) VALUES (7,42534,100);
INSERT INTO closeb_schema.Carrier_rates(CarrierID,ZIP,Price) VALUES (17,33362,69);
INSERT INTO closeb_schema.Carrier_rates(CarrierID,ZIP,Price) VALUES (38,48456,39);
INSERT INTO closeb_schema.Carrier_rates(CarrierID,ZIP,Price) VALUES (48,96471,78);
INSERT INTO closeb_schema.Carrier_rates(CarrierID,ZIP,Price) VALUES (21,41920,83);
INSERT INTO closeb_schema.Carrier_rates(CarrierID,ZIP,Price) VALUES (40,48368,91);
INSERT INTO closeb_schema.Carrier_rates(CarrierID,ZIP,Price) VALUES (47,58126,12);
INSERT INTO closeb_schema.Carrier_rates(CarrierID,ZIP,Price) VALUES (6,37134,9);
INSERT INTO closeb_schema.Carrier_rates(CarrierID,ZIP,Price) VALUES (43,91732,93);
INSERT INTO closeb_schema.Carrier_rates(CarrierID,ZIP,Price) VALUES (9,28842,24);
INSERT INTO closeb_schema.Carrier_rates(CarrierID,ZIP,Price) VALUES (5,69498,58);
INSERT INTO closeb_schema.Carrier_rates(CarrierID,ZIP,Price) VALUES (48,80572,65);
INSERT INTO closeb_schema.Carrier_rates(CarrierID,ZIP,Price) VALUES (11,24809,80);
INSERT INTO closeb_schema.Carrier_rates(CarrierID,ZIP,Price) VALUES (5,99990,84);
INSERT INTO closeb_schema.Carrier_rates(CarrierID,ZIP,Price) VALUES (7,79984,98);
INSERT INTO closeb_schema.Carrier_rates(CarrierID,ZIP,Price) VALUES (5,96311,82);
INSERT INTO closeb_schema.Carrier_rates(CarrierID,ZIP,Price) VALUES (9,73729,95);
INSERT INTO closeb_schema.Carrier_rates(CarrierID,ZIP,Price) VALUES (6,45135,77);
INSERT INTO closeb_schema.Carrier_rates(CarrierID,ZIP,Price) VALUES (16,30680,64);
INSERT INTO closeb_schema.Carrier_rates(CarrierID,ZIP,Price) VALUES (14,67288,94);
INSERT INTO closeb_schema.Carrier_rates(CarrierID,ZIP,Price) VALUES (4,16076,51);
INSERT INTO closeb_schema.Carrier_rates(CarrierID,ZIP,Price) VALUES (28,51751,35);
INSERT INTO closeb_schema.Carrier_rates(CarrierID,ZIP,Price) VALUES (48,68998,19);
INSERT INTO closeb_schema.Carrier_rates(CarrierID,ZIP,Price) VALUES (19,14097,92);
INSERT INTO closeb_schema.Carrier_rates(CarrierID,ZIP,Price) VALUES (39,66921,48);
INSERT INTO closeb_schema.Carrier_rates(CarrierID,ZIP,Price) VALUES (21,77278,61);
INSERT INTO closeb_schema.Carrier_rates(CarrierID,ZIP,Price) VALUES (47,27308,72);
INSERT INTO closeb_schema.Carrier_rates(CarrierID,ZIP,Price) VALUES (12,48829,23);
INSERT INTO closeb_schema.Carrier_rates(CarrierID,ZIP,Price) VALUES (29,28842,29);
INSERT INTO closeb_schema.Carrier_rates(CarrierID,ZIP,Price) VALUES (48,83334,75);
INSERT INTO closeb_schema.Carrier_rates(CarrierID,ZIP,Price) VALUES (9,50125,16);
INSERT INTO closeb_schema.Carrier_rates(CarrierID,ZIP,Price) VALUES (9,51760,100);
INSERT INTO closeb_schema.Carrier_rates(CarrierID,ZIP,Price) VALUES (22,49007,14);
INSERT INTO closeb_schema.Carrier_rates(CarrierID,ZIP,Price) VALUES (2,52252,84);
INSERT INTO closeb_schema.Carrier_rates(CarrierID,ZIP,Price) VALUES (3,92199,55);
INSERT INTO closeb_schema.Carrier_rates(CarrierID,ZIP,Price) VALUES (32,15906,53);
INSERT INTO closeb_schema.Carrier_rates(CarrierID,ZIP,Price) VALUES (16,71371,58);
INSERT INTO closeb_schema.Carrier_rates(CarrierID,ZIP,Price) VALUES (1,11084,46);
INSERT INTO closeb_schema.Carrier_rates(CarrierID,ZIP,Price) VALUES (17,78221,6);
INSERT INTO closeb_schema.Carrier_rates(CarrierID,ZIP,Price) VALUES (2,43826,26);
INSERT INTO closeb_schema.Carrier_rates(CarrierID,ZIP,Price) VALUES (17,41712,12);
INSERT INTO closeb_schema.Carrier_rates(CarrierID,ZIP,Price) VALUES (7,46750,39);
INSERT INTO closeb_schema.Carrier_rates(CarrierID,ZIP,Price) VALUES (11,89640,48);
INSERT INTO closeb_schema.Carrier_rates(CarrierID,ZIP,Price) VALUES (24,14231,4);
INSERT INTO closeb_schema.Carrier_rates(CarrierID,ZIP,Price) VALUES (3,74944,42);
INSERT INTO closeb_schema.Carrier_rates(CarrierID,ZIP,Price) VALUES (6,59512,39);
INSERT INTO closeb_schema.Carrier_rates(CarrierID,ZIP,Price) VALUES (15,31916,43);
INSERT INTO closeb_schema.Carrier_rates(CarrierID,ZIP,Price) VALUES (17,85878,29);
INSERT INTO closeb_schema.Carrier_rates(CarrierID,ZIP,Price) VALUES (48,74444,50);
INSERT INTO closeb_schema.Carrier_rates(CarrierID,ZIP,Price) VALUES (10,29379,23);
INSERT INTO closeb_schema.Carrier_rates(CarrierID,ZIP,Price) VALUES (39,48444,74);
INSERT INTO closeb_schema.Carrier_rates(CarrierID,ZIP,Price) VALUES (15,58820,15);
INSERT INTO closeb_schema.Carrier_rates(CarrierID,ZIP,Price) VALUES (9,51053,20);
INSERT INTO closeb_schema.Carrier_rates(CarrierID,ZIP,Price) VALUES (50,39175,98);
INSERT INTO closeb_schema.Carrier_rates(CarrierID,ZIP,Price) VALUES (1,96424,83);
INSERT INTO closeb_schema.Carrier_rates(CarrierID,ZIP,Price) VALUES (4,93369,37);
INSERT INTO closeb_schema.Carrier_rates(CarrierID,ZIP,Price) VALUES (45,55027,96);
INSERT INTO closeb_schema.Carrier_rates(CarrierID,ZIP,Price) VALUES (44,29852,13);
INSERT INTO closeb_schema.Carrier_rates(CarrierID,ZIP,Price) VALUES (13,27172,79);
INSERT INTO closeb_schema.Carrier_rates(CarrierID,ZIP,Price) VALUES (27,91897,65);
INSERT INTO closeb_schema.Carrier_rates(CarrierID,ZIP,Price) VALUES (49,38409,35);
INSERT INTO closeb_schema.Carrier_rates(CarrierID,ZIP,Price) VALUES (47,58205,96);
INSERT INTO closeb_schema.Carrier_rates(CarrierID,ZIP,Price) VALUES (29,45168,48);
INSERT INTO closeb_schema.Carrier_rates(CarrierID,ZIP,Price) VALUES (35,53484,35);
INSERT INTO closeb_schema.Carrier_rates(CarrierID,ZIP,Price) VALUES (3,11177,63);
INSERT INTO closeb_schema.Carrier_rates(CarrierID,ZIP,Price) VALUES (15,55964,57);
INSERT INTO closeb_schema.Carrier_rates(CarrierID,ZIP,Price) VALUES (20,67026,25);
INSERT INTO closeb_schema.Carrier_rates(CarrierID,ZIP,Price) VALUES (29,37894,16);
INSERT INTO closeb_schema.Carrier_rates(CarrierID,ZIP,Price) VALUES (10,62827,46);
INSERT INTO closeb_schema.Carrier_rates(CarrierID,ZIP,Price) VALUES (17,74773,42);
INSERT INTO closeb_schema.Carrier_rates(CarrierID,ZIP,Price) VALUES (17,43762,51);
INSERT INTO closeb_schema.Carrier_rates(CarrierID,ZIP,Price) VALUES (23,80305,41);
INSERT INTO closeb_schema.Carrier_rates(CarrierID,ZIP,Price) VALUES (25,31418,6);
INSERT INTO closeb_schema.Carrier_rates(CarrierID,ZIP,Price) VALUES (28,37456,16);
INSERT INTO closeb_schema.Carrier_rates(CarrierID,ZIP,Price) VALUES (37,31683,69);
INSERT INTO closeb_schema.Carrier_rates(CarrierID,ZIP,Price) VALUES (41,97621,42);
INSERT INTO closeb_schema.Carrier_rates(CarrierID,ZIP,Price) VALUES (36,37939,64);
INSERT INTO closeb_schema.Carrier_rates(CarrierID,ZIP,Price) VALUES (39,17410,86);
INSERT INTO closeb_schema.Carrier_rates(CarrierID,ZIP,Price) VALUES (32,14464,28);
INSERT INTO closeb_schema.Carrier_rates(CarrierID,ZIP,Price) VALUES (20,16269,72);



-- Orders
INSERT INTO closeb_schema.Orders(Date,Price,CustomerID,isReturn) VALUES ('01/15/2023',26,17,'true');
INSERT INTO closeb_schema.Orders(Date,Price,CustomerID,isReturn) VALUES ('12/06/2022',48,25,'false');
INSERT INTO closeb_schema.Orders(Date,Price,CustomerID,isReturn) VALUES ('01/05/2023',59,2,'false');
INSERT INTO closeb_schema.Orders(Date,Price,CustomerID,isReturn) VALUES ('02/28/2023',65,20,'true');
INSERT INTO closeb_schema.Orders(Date,Price,CustomerID,isReturn) VALUES ('09/02/2022',93,5,'true');
INSERT INTO closeb_schema.Orders(Date,Price,CustomerID,isReturn) VALUES ('12/05/2022',5,43,'false');
INSERT INTO closeb_schema.Orders(Date,Price,CustomerID,isReturn) VALUES ('01/11/2023',49,1,'true');
INSERT INTO closeb_schema.Orders(Date,Price,CustomerID,isReturn) VALUES ('07/09/2022',6,36,'true');
INSERT INTO closeb_schema.Orders(Date,Price,CustomerID,isReturn) VALUES ('05/25/2022',60,27,'true');
INSERT INTO closeb_schema.Orders(Date,Price,CustomerID,isReturn) VALUES ('09/13/2022',36,45,'false');
INSERT INTO closeb_schema.Orders(Date,Price,CustomerID,isReturn) VALUES ('04/23/2022',56,35,'true');
INSERT INTO closeb_schema.Orders(Date,Price,CustomerID,isReturn) VALUES ('04/27/2022',74,5,'true');
INSERT INTO closeb_schema.Orders(Date,Price,CustomerID,isReturn) VALUES ('04/26/2022',50,43,'false');
INSERT INTO closeb_schema.Orders(Date,Price,CustomerID,isReturn) VALUES ('08/10/2022',17,34,'true');
INSERT INTO closeb_schema.Orders(Date,Price,CustomerID,isReturn) VALUES ('02/10/2023',83,49,'true');
INSERT INTO closeb_schema.Orders(Date,Price,CustomerID,isReturn) VALUES ('12/13/2022',44,24,'false');
INSERT INTO closeb_schema.Orders(Date,Price,CustomerID,isReturn) VALUES ('01/31/2023',27,14,'false');
INSERT INTO closeb_schema.Orders(Date,Price,CustomerID,isReturn) VALUES ('07/20/2022',86,50,'false');
INSERT INTO closeb_schema.Orders(Date,Price,CustomerID,isReturn) VALUES ('12/14/2022',51,40,'true');
INSERT INTO closeb_schema.Orders(Date,Price,CustomerID,isReturn) VALUES ('04/17/2022',70,15,'false');
INSERT INTO closeb_schema.Orders(Date,Price,CustomerID,isReturn) VALUES ('02/04/2023',12,16,'false');
INSERT INTO closeb_schema.Orders(Date,Price,CustomerID,isReturn) VALUES ('09/14/2022',74,26,'false');
INSERT INTO closeb_schema.Orders(Date,Price,CustomerID,isReturn) VALUES ('02/20/2023',24,49,'false');
INSERT INTO closeb_schema.Orders(Date,Price,CustomerID,isReturn) VALUES ('08/16/2022',84,33,'false');
INSERT INTO closeb_schema.Orders(Date,Price,CustomerID,isReturn) VALUES ('09/26/2022',11,20,'false');
INSERT INTO closeb_schema.Orders(Date,Price,CustomerID,isReturn) VALUES ('02/06/2023',68,9,'false');
INSERT INTO closeb_schema.Orders(Date,Price,CustomerID,isReturn) VALUES ('05/21/2022',14,41,'false');
INSERT INTO closeb_schema.Orders(Date,Price,CustomerID,isReturn) VALUES ('12/14/2022',39,42,'false');
INSERT INTO closeb_schema.Orders(Date,Price,CustomerID,isReturn) VALUES ('10/10/2022',55,48,'false');
INSERT INTO closeb_schema.Orders(Date,Price,CustomerID,isReturn) VALUES ('01/31/2023',46,35,'false');
INSERT INTO closeb_schema.Orders(Date,Price,CustomerID,isReturn) VALUES ('07/21/2022',70,33,'true');
INSERT INTO closeb_schema.Orders(Date,Price,CustomerID,isReturn) VALUES ('11/01/2022',82,15,'false');
INSERT INTO closeb_schema.Orders(Date,Price,CustomerID,isReturn) VALUES ('11/26/2022',83,31,'false');
INSERT INTO closeb_schema.Orders(Date,Price,CustomerID,isReturn) VALUES ('10/11/2022',98,35,'true');
INSERT INTO closeb_schema.Orders(Date,Price,CustomerID,isReturn) VALUES ('10/09/2022',49,24,'true');
INSERT INTO closeb_schema.Orders(Date,Price,CustomerID,isReturn) VALUES ('07/08/2022',98,7,'false');
INSERT INTO closeb_schema.Orders(Date,Price,CustomerID,isReturn) VALUES ('04/21/2022',19,22,'false');
INSERT INTO closeb_schema.Orders(Date,Price,CustomerID,isReturn) VALUES ('03/17/2023',21,48,'false');
INSERT INTO closeb_schema.Orders(Date,Price,CustomerID,isReturn) VALUES ('08/01/2022',46,17,'true');
INSERT INTO closeb_schema.Orders(Date,Price,CustomerID,isReturn) VALUES ('04/21/2022',92,17,'true');
INSERT INTO closeb_schema.Orders(Date,Price,CustomerID,isReturn) VALUES ('12/23/2022',20,35,'false');
INSERT INTO closeb_schema.Orders(Date,Price,CustomerID,isReturn) VALUES ('10/21/2022',69,4,'false');
INSERT INTO closeb_schema.Orders(Date,Price,CustomerID,isReturn) VALUES ('09/22/2022',48,27,'true');
INSERT INTO closeb_schema.Orders(Date,Price,CustomerID,isReturn) VALUES ('12/20/2022',73,21,'true');
INSERT INTO closeb_schema.Orders(Date,Price,CustomerID,isReturn) VALUES ('08/22/2022',35,9,'false');
INSERT INTO closeb_schema.Orders(Date,Price,CustomerID,isReturn) VALUES ('02/08/2023',32,20,'true');
INSERT INTO closeb_schema.Orders(Date,Price,CustomerID,isReturn) VALUES ('06/18/2022',9,46,'false');
INSERT INTO closeb_schema.Orders(Date,Price,CustomerID,isReturn) VALUES ('07/15/2022',8,31,'false');
INSERT INTO closeb_schema.Orders(Date,Price,CustomerID,isReturn) VALUES ('01/06/2023',92,9,'false');
INSERT INTO closeb_schema.Orders(Date,Price,CustomerID,isReturn) VALUES ('06/16/2022',48,28,'false');
INSERT INTO closeb_schema.Orders(Date,Price,CustomerID,isReturn) VALUES ('01/13/2023',41,47,'true');
INSERT INTO closeb_schema.Orders(Date,Price,CustomerID,isReturn) VALUES ('07/07/2022',42,36,'true');
INSERT INTO closeb_schema.Orders(Date,Price,CustomerID,isReturn) VALUES ('01/27/2023',78,1,'false');
INSERT INTO closeb_schema.Orders(Date,Price,CustomerID,isReturn) VALUES ('11/27/2022',58,24,'false');
INSERT INTO closeb_schema.Orders(Date,Price,CustomerID,isReturn) VALUES ('07/16/2022',29,15,'true');
INSERT INTO closeb_schema.Orders(Date,Price,CustomerID,isReturn) VALUES ('07/02/2022',32,45,'false');
INSERT INTO closeb_schema.Orders(Date,Price,CustomerID,isReturn) VALUES ('11/25/2022',53,32,'true');
INSERT INTO closeb_schema.Orders(Date,Price,CustomerID,isReturn) VALUES ('05/29/2022',76,1,'false');
INSERT INTO closeb_schema.Orders(Date,Price,CustomerID,isReturn) VALUES ('09/06/2022',61,41,'false');
INSERT INTO closeb_schema.Orders(Date,Price,CustomerID,isReturn) VALUES ('01/20/2023',1,32,'true');
INSERT INTO closeb_schema.Orders(Date,Price,CustomerID,isReturn) VALUES ('03/24/2023',63,49,'false');
INSERT INTO closeb_schema.Orders(Date,Price,CustomerID,isReturn) VALUES ('12/20/2022',99,35,'false');
INSERT INTO closeb_schema.Orders(Date,Price,CustomerID,isReturn) VALUES ('05/22/2022',73,24,'true');
INSERT INTO closeb_schema.Orders(Date,Price,CustomerID,isReturn) VALUES ('05/24/2022',59,42,'false');
INSERT INTO closeb_schema.Orders(Date,Price,CustomerID,isReturn) VALUES ('09/14/2022',59,17,'false');
INSERT INTO closeb_schema.Orders(Date,Price,CustomerID,isReturn) VALUES ('08/12/2022',51,38,'false');
INSERT INTO closeb_schema.Orders(Date,Price,CustomerID,isReturn) VALUES ('09/11/2022',14,48,'true');
INSERT INTO closeb_schema.Orders(Date,Price,CustomerID,isReturn) VALUES ('03/12/2023',74,18,'true');
INSERT INTO closeb_schema.Orders(Date,Price,CustomerID,isReturn) VALUES ('04/17/2022',77,3,'false');
INSERT INTO closeb_schema.Orders(Date,Price,CustomerID,isReturn) VALUES ('09/08/2022',41,37,'false');
INSERT INTO closeb_schema.Orders(Date,Price,CustomerID,isReturn) VALUES ('06/19/2022',68,41,'true');
INSERT INTO closeb_schema.Orders(Date,Price,CustomerID,isReturn) VALUES ('09/03/2022',81,32,'true');
INSERT INTO closeb_schema.Orders(Date,Price,CustomerID,isReturn) VALUES ('06/25/2022',40,11,'false');
INSERT INTO closeb_schema.Orders(Date,Price,CustomerID,isReturn) VALUES ('04/17/2022',23,28,'true');
INSERT INTO closeb_schema.Orders(Date,Price,CustomerID,isReturn) VALUES ('06/06/2022',13,46,'false');
INSERT INTO closeb_schema.Orders(Date,Price,CustomerID,isReturn) VALUES ('04/04/2023',79,3,'false');
INSERT INTO closeb_schema.Orders(Date,Price,CustomerID,isReturn) VALUES ('10/17/2022',22,19,'true');
INSERT INTO closeb_schema.Orders(Date,Price,CustomerID,isReturn) VALUES ('09/15/2022',89,36,'true');
INSERT INTO closeb_schema.Orders(Date,Price,CustomerID,isReturn) VALUES ('01/02/2023',37,46,'false');
INSERT INTO closeb_schema.Orders(Date,Price,CustomerID,isReturn) VALUES ('09/21/2022',51,25,'false');
INSERT INTO closeb_schema.Orders(Date,Price,CustomerID,isReturn) VALUES ('10/09/2022',50,23,'true');
INSERT INTO closeb_schema.Orders(Date,Price,CustomerID,isReturn) VALUES ('05/31/2022',75,1,'true');
INSERT INTO closeb_schema.Orders(Date,Price,CustomerID,isReturn) VALUES ('05/17/2022',75,37,'true');
INSERT INTO closeb_schema.Orders(Date,Price,CustomerID,isReturn) VALUES ('11/25/2022',68,20,'false');
INSERT INTO closeb_schema.Orders(Date,Price,CustomerID,isReturn) VALUES ('10/14/2022',54,21,'false');
INSERT INTO closeb_schema.Orders(Date,Price,CustomerID,isReturn) VALUES ('09/01/2022',38,11,'true');
INSERT INTO closeb_schema.Orders(Date,Price,CustomerID,isReturn) VALUES ('09/16/2022',67,33,'true');
INSERT INTO closeb_schema.Orders(Date,Price,CustomerID,isReturn) VALUES ('01/08/2023',96,7,'false');
INSERT INTO closeb_schema.Orders(Date,Price,CustomerID,isReturn) VALUES ('09/02/2022',24,1,'false');
INSERT INTO closeb_schema.Orders(Date,Price,CustomerID,isReturn) VALUES ('06/07/2022',22,3,'true');
INSERT INTO closeb_schema.Orders(Date,Price,CustomerID,isReturn) VALUES ('10/04/2022',72,49,'false');
INSERT INTO closeb_schema.Orders(Date,Price,CustomerID,isReturn) VALUES ('02/26/2023',47,25,'true');
INSERT INTO closeb_schema.Orders(Date,Price,CustomerID,isReturn) VALUES ('07/17/2022',50,46,'true');
INSERT INTO closeb_schema.Orders(Date,Price,CustomerID,isReturn) VALUES ('12/13/2022',72,32,'true');
INSERT INTO closeb_schema.Orders(Date,Price,CustomerID,isReturn) VALUES ('08/05/2022',18,42,'false');
INSERT INTO closeb_schema.Orders(Date,Price,CustomerID,isReturn) VALUES ('02/19/2023',35,23,'false');
INSERT INTO closeb_schema.Orders(Date,Price,CustomerID,isReturn) VALUES ('07/16/2022',66,42,'false');
INSERT INTO closeb_schema.Orders(Date,Price,CustomerID,isReturn) VALUES ('04/05/2023',98,5,'true');
INSERT INTO closeb_schema.Orders(Date,Price,CustomerID,isReturn) VALUES ('03/30/2023',88,37,'true');
INSERT INTO closeb_schema.Orders(Date,Price,CustomerID,isReturn) VALUES ('07/17/2022',63,46,'false');
INSERT INTO closeb_schema.Orders(Date,Price,CustomerID,isReturn) VALUES ('09/24/2022',62,43,'true');
INSERT INTO closeb_schema.Orders(Date,Price,CustomerID,isReturn) VALUES ('06/16/2022',17,1,'false');
INSERT INTO closeb_schema.Orders(Date,Price,CustomerID,isReturn) VALUES ('04/16/2022',60,43,'true');
INSERT INTO closeb_schema.Orders(Date,Price,CustomerID,isReturn) VALUES ('05/09/2022',4,3,'false');
INSERT INTO closeb_schema.Orders(Date,Price,CustomerID,isReturn) VALUES ('09/22/2022',35,31,'true');
INSERT INTO closeb_schema.Orders(Date,Price,CustomerID,isReturn) VALUES ('03/21/2023',73,34,'false');
INSERT INTO closeb_schema.Orders(Date,Price,CustomerID,isReturn) VALUES ('11/10/2022',19,45,'false');
INSERT INTO closeb_schema.Orders(Date,Price,CustomerID,isReturn) VALUES ('12/25/2022',39,1,'false');
INSERT INTO closeb_schema.Orders(Date,Price,CustomerID,isReturn) VALUES ('10/03/2022',96,20,'true');
INSERT INTO closeb_schema.Orders(Date,Price,CustomerID,isReturn) VALUES ('05/16/2022',95,14,'true');
INSERT INTO closeb_schema.Orders(Date,Price,CustomerID,isReturn) VALUES ('03/14/2023',28,20,'true');
INSERT INTO closeb_schema.Orders(Date,Price,CustomerID,isReturn) VALUES ('10/05/2022',8,26,'false');
INSERT INTO closeb_schema.Orders(Date,Price,CustomerID,isReturn) VALUES ('10/18/2022',75,50,'false');
INSERT INTO closeb_schema.Orders(Date,Price,CustomerID,isReturn) VALUES ('08/24/2022',45,14,'false');
INSERT INTO closeb_schema.Orders(Date,Price,CustomerID,isReturn) VALUES ('09/16/2022',41,8,'false');
INSERT INTO closeb_schema.Orders(Date,Price,CustomerID,isReturn) VALUES ('02/10/2023',97,27,'true');
INSERT INTO closeb_schema.Orders(Date,Price,CustomerID,isReturn) VALUES ('05/31/2022',70,6,'true');
INSERT INTO closeb_schema.Orders(Date,Price,CustomerID,isReturn) VALUES ('11/19/2022',31,20,'false');
INSERT INTO closeb_schema.Orders(Date,Price,CustomerID,isReturn) VALUES ('03/17/2023',21,13,'false');
INSERT INTO closeb_schema.Orders(Date,Price,CustomerID,isReturn) VALUES ('05/22/2022',99,32,'false');
INSERT INTO closeb_schema.Orders(Date,Price,CustomerID,isReturn) VALUES ('01/24/2023',83,13,'true');
INSERT INTO closeb_schema.Orders(Date,Price,CustomerID,isReturn) VALUES ('01/01/2023',73,7,'false');
INSERT INTO closeb_schema.Orders(Date,Price,CustomerID,isReturn) VALUES ('05/17/2022',50,32,'false');
INSERT INTO closeb_schema.Orders(Date,Price,CustomerID,isReturn) VALUES ('12/17/2022',37,23,'false');
INSERT INTO closeb_schema.Orders(Date,Price,CustomerID,isReturn) VALUES ('06/19/2022',35,21,'false');
INSERT INTO closeb_schema.Orders(Date,Price,CustomerID,isReturn) VALUES ('06/28/2022',82,49,'true');
INSERT INTO closeb_schema.Orders(Date,Price,CustomerID,isReturn) VALUES ('04/05/2023',75,43,'true');
INSERT INTO closeb_schema.Orders(Date,Price,CustomerID,isReturn) VALUES ('12/10/2022',50,35,'true');
INSERT INTO closeb_schema.Orders(Date,Price,CustomerID,isReturn) VALUES ('02/04/2023',41,12,'true');
INSERT INTO closeb_schema.Orders(Date,Price,CustomerID,isReturn) VALUES ('04/29/2022',96,15,'false');
INSERT INTO closeb_schema.Orders(Date,Price,CustomerID,isReturn) VALUES ('05/06/2022',68,38,'true');
INSERT INTO closeb_schema.Orders(Date,Price,CustomerID,isReturn) VALUES ('07/31/2022',39,26,'true');
INSERT INTO closeb_schema.Orders(Date,Price,CustomerID,isReturn) VALUES ('06/25/2022',80,17,'false');
INSERT INTO closeb_schema.Orders(Date,Price,CustomerID,isReturn) VALUES ('05/09/2022',55,10,'false');
INSERT INTO closeb_schema.Orders(Date,Price,CustomerID,isReturn) VALUES ('06/08/2022',47,5,'true');
INSERT INTO closeb_schema.Orders(Date,Price,CustomerID,isReturn) VALUES ('10/24/2022',92,43,'false');
INSERT INTO closeb_schema.Orders(Date,Price,CustomerID,isReturn) VALUES ('04/08/2022',95,35,'true');
INSERT INTO closeb_schema.Orders(Date,Price,CustomerID,isReturn) VALUES ('09/24/2022',52,1,'true');
INSERT INTO closeb_schema.Orders(Date,Price,CustomerID,isReturn) VALUES ('10/21/2022',66,8,'false');
INSERT INTO closeb_schema.Orders(Date,Price,CustomerID,isReturn) VALUES ('04/12/2022',53,30,'true');
INSERT INTO closeb_schema.Orders(Date,Price,CustomerID,isReturn) VALUES ('10/28/2022',89,33,'false');
INSERT INTO closeb_schema.Orders(Date,Price,CustomerID,isReturn) VALUES ('06/18/2022',69,11,'true');
INSERT INTO closeb_schema.Orders(Date,Price,CustomerID,isReturn) VALUES ('03/02/2023',2,10,'false');
INSERT INTO closeb_schema.Orders(Date,Price,CustomerID,isReturn) VALUES ('08/18/2022',72,1,'true');
INSERT INTO closeb_schema.Orders(Date,Price,CustomerID,isReturn) VALUES ('08/09/2022',1,16,'false');
INSERT INTO closeb_schema.Orders(Date,Price,CustomerID,isReturn) VALUES ('11/10/2022',51,48,'false');
INSERT INTO closeb_schema.Orders(Date,Price,CustomerID,isReturn) VALUES ('03/26/2023',14,20,'false');
INSERT INTO closeb_schema.Orders(Date,Price,CustomerID,isReturn) VALUES ('12/02/2022',68,20,'false');
INSERT INTO closeb_schema.Orders(Date,Price,CustomerID,isReturn) VALUES ('03/31/2023',54,28,'false');
INSERT INTO closeb_schema.Orders(Date,Price,CustomerID,isReturn) VALUES ('09/01/2022',90,12,'false');


-- OrderDetails
INSERT INTO closeb_schema.OrderDetails(OrderID,ProductID,Quantity) VALUES (23,28,4);
INSERT INTO closeb_schema.OrderDetails(OrderID,ProductID,Quantity) VALUES (63,121,8);
INSERT INTO closeb_schema.OrderDetails(OrderID,ProductID,Quantity) VALUES (71,103,9);
INSERT INTO closeb_schema.OrderDetails(OrderID,ProductID,Quantity) VALUES (24,12,9);
INSERT INTO closeb_schema.OrderDetails(OrderID,ProductID,Quantity) VALUES (73,57,2);
INSERT INTO closeb_schema.OrderDetails(OrderID,ProductID,Quantity) VALUES (19,74,3);
INSERT INTO closeb_schema.OrderDetails(OrderID,ProductID,Quantity) VALUES (116,65,3);
INSERT INTO closeb_schema.OrderDetails(OrderID,ProductID,Quantity) VALUES (32,36,5);
INSERT INTO closeb_schema.OrderDetails(OrderID,ProductID,Quantity) VALUES (18,136,9);
INSERT INTO closeb_schema.OrderDetails(OrderID,ProductID,Quantity) VALUES (63,59,9);
INSERT INTO closeb_schema.OrderDetails(OrderID,ProductID,Quantity) VALUES (24,9,3);
INSERT INTO closeb_schema.OrderDetails(OrderID,ProductID,Quantity) VALUES (144,135,3);
INSERT INTO closeb_schema.OrderDetails(OrderID,ProductID,Quantity) VALUES (109,23,9);
INSERT INTO closeb_schema.OrderDetails(OrderID,ProductID,Quantity) VALUES (87,32,6);
INSERT INTO closeb_schema.OrderDetails(OrderID,ProductID,Quantity) VALUES (57,130,3);
INSERT INTO closeb_schema.OrderDetails(OrderID,ProductID,Quantity) VALUES (11,44,9);
INSERT INTO closeb_schema.OrderDetails(OrderID,ProductID,Quantity) VALUES (27,79,6);
INSERT INTO closeb_schema.OrderDetails(OrderID,ProductID,Quantity) VALUES (114,88,8);
INSERT INTO closeb_schema.OrderDetails(OrderID,ProductID,Quantity) VALUES (118,100,8);
INSERT INTO closeb_schema.OrderDetails(OrderID,ProductID,Quantity) VALUES (63,65,5);
INSERT INTO closeb_schema.OrderDetails(OrderID,ProductID,Quantity) VALUES (108,95,7);
INSERT INTO closeb_schema.OrderDetails(OrderID,ProductID,Quantity) VALUES (2,115,7);
INSERT INTO closeb_schema.OrderDetails(OrderID,ProductID,Quantity) VALUES (101,133,3);
INSERT INTO closeb_schema.OrderDetails(OrderID,ProductID,Quantity) VALUES (86,135,4);
INSERT INTO closeb_schema.OrderDetails(OrderID,ProductID,Quantity) VALUES (68,69,7);
INSERT INTO closeb_schema.OrderDetails(OrderID,ProductID,Quantity) VALUES (57,20,8);
INSERT INTO closeb_schema.OrderDetails(OrderID,ProductID,Quantity) VALUES (29,132,4);
INSERT INTO closeb_schema.OrderDetails(OrderID,ProductID,Quantity) VALUES (71,137,1);
INSERT INTO closeb_schema.OrderDetails(OrderID,ProductID,Quantity) VALUES (24,38,7);
INSERT INTO closeb_schema.OrderDetails(OrderID,ProductID,Quantity) VALUES (50,150,5);
INSERT INTO closeb_schema.OrderDetails(OrderID,ProductID,Quantity) VALUES (86,82,7);
INSERT INTO closeb_schema.OrderDetails(OrderID,ProductID,Quantity) VALUES (6,123,3);
INSERT INTO closeb_schema.OrderDetails(OrderID,ProductID,Quantity) VALUES (139,15,2);
INSERT INTO closeb_schema.OrderDetails(OrderID,ProductID,Quantity) VALUES (146,6,2);
INSERT INTO closeb_schema.OrderDetails(OrderID,ProductID,Quantity) VALUES (148,110,2);
INSERT INTO closeb_schema.OrderDetails(OrderID,ProductID,Quantity) VALUES (108,146,4);
INSERT INTO closeb_schema.OrderDetails(OrderID,ProductID,Quantity) VALUES (75,118,7);
INSERT INTO closeb_schema.OrderDetails(OrderID,ProductID,Quantity) VALUES (17,51,7);
INSERT INTO closeb_schema.OrderDetails(OrderID,ProductID,Quantity) VALUES (51,128,9);
INSERT INTO closeb_schema.OrderDetails(OrderID,ProductID,Quantity) VALUES (16,63,2);
INSERT INTO closeb_schema.OrderDetails(OrderID,ProductID,Quantity) VALUES (130,97,6);
INSERT INTO closeb_schema.OrderDetails(OrderID,ProductID,Quantity) VALUES (43,9,10);
INSERT INTO closeb_schema.OrderDetails(OrderID,ProductID,Quantity) VALUES (5,57,7);
INSERT INTO closeb_schema.OrderDetails(OrderID,ProductID,Quantity) VALUES (100,149,3);
INSERT INTO closeb_schema.OrderDetails(OrderID,ProductID,Quantity) VALUES (3,142,6);
INSERT INTO closeb_schema.OrderDetails(OrderID,ProductID,Quantity) VALUES (126,100,8);
INSERT INTO closeb_schema.OrderDetails(OrderID,ProductID,Quantity) VALUES (71,23,3);
INSERT INTO closeb_schema.OrderDetails(OrderID,ProductID,Quantity) VALUES (44,60,6);
INSERT INTO closeb_schema.OrderDetails(OrderID,ProductID,Quantity) VALUES (113,116,4);
INSERT INTO closeb_schema.OrderDetails(OrderID,ProductID,Quantity) VALUES (124,81,3);
INSERT INTO closeb_schema.OrderDetails(OrderID,ProductID,Quantity) VALUES (48,21,7);
INSERT INTO closeb_schema.OrderDetails(OrderID,ProductID,Quantity) VALUES (32,119,9);
INSERT INTO closeb_schema.OrderDetails(OrderID,ProductID,Quantity) VALUES (36,87,3);
INSERT INTO closeb_schema.OrderDetails(OrderID,ProductID,Quantity) VALUES (125,103,5);
INSERT INTO closeb_schema.OrderDetails(OrderID,ProductID,Quantity) VALUES (138,80,9);
INSERT INTO closeb_schema.OrderDetails(OrderID,ProductID,Quantity) VALUES (29,13,7);
INSERT INTO closeb_schema.OrderDetails(OrderID,ProductID,Quantity) VALUES (93,105,3);
INSERT INTO closeb_schema.OrderDetails(OrderID,ProductID,Quantity) VALUES (59,95,1);
INSERT INTO closeb_schema.OrderDetails(OrderID,ProductID,Quantity) VALUES (136,83,7);
INSERT INTO closeb_schema.OrderDetails(OrderID,ProductID,Quantity) VALUES (25,31,4);
INSERT INTO closeb_schema.OrderDetails(OrderID,ProductID,Quantity) VALUES (70,110,8);
INSERT INTO closeb_schema.OrderDetails(OrderID,ProductID,Quantity) VALUES (130,28,3);
INSERT INTO closeb_schema.OrderDetails(OrderID,ProductID,Quantity) VALUES (69,15,2);
INSERT INTO closeb_schema.OrderDetails(OrderID,ProductID,Quantity) VALUES (23,37,9);
INSERT INTO closeb_schema.OrderDetails(OrderID,ProductID,Quantity) VALUES (131,94,7);
INSERT INTO closeb_schema.OrderDetails(OrderID,ProductID,Quantity) VALUES (46,24,4);
INSERT INTO closeb_schema.OrderDetails(OrderID,ProductID,Quantity) VALUES (82,56,9);
INSERT INTO closeb_schema.OrderDetails(OrderID,ProductID,Quantity) VALUES (113,27,4);
INSERT INTO closeb_schema.OrderDetails(OrderID,ProductID,Quantity) VALUES (69,52,2);
INSERT INTO closeb_schema.OrderDetails(OrderID,ProductID,Quantity) VALUES (139,95,8);
INSERT INTO closeb_schema.OrderDetails(OrderID,ProductID,Quantity) VALUES (136,55,3);
INSERT INTO closeb_schema.OrderDetails(OrderID,ProductID,Quantity) VALUES (79,110,10);
INSERT INTO closeb_schema.OrderDetails(OrderID,ProductID,Quantity) VALUES (112,131,4);
INSERT INTO closeb_schema.OrderDetails(OrderID,ProductID,Quantity) VALUES (41,9,10);
INSERT INTO closeb_schema.OrderDetails(OrderID,ProductID,Quantity) VALUES (119,43,10);
INSERT INTO closeb_schema.OrderDetails(OrderID,ProductID,Quantity) VALUES (86,4,2);
INSERT INTO closeb_schema.OrderDetails(OrderID,ProductID,Quantity) VALUES (137,75,10);
INSERT INTO closeb_schema.OrderDetails(OrderID,ProductID,Quantity) VALUES (11,54,10);
INSERT INTO closeb_schema.OrderDetails(OrderID,ProductID,Quantity) VALUES (82,140,8);
INSERT INTO closeb_schema.OrderDetails(OrderID,ProductID,Quantity) VALUES (60,142,8);
INSERT INTO closeb_schema.OrderDetails(OrderID,ProductID,Quantity) VALUES (135,50,8);
INSERT INTO closeb_schema.OrderDetails(OrderID,ProductID,Quantity) VALUES (147,101,1);
INSERT INTO closeb_schema.OrderDetails(OrderID,ProductID,Quantity) VALUES (67,30,1);
INSERT INTO closeb_schema.OrderDetails(OrderID,ProductID,Quantity) VALUES (2,88,10);
INSERT INTO closeb_schema.OrderDetails(OrderID,ProductID,Quantity) VALUES (20,68,2);
INSERT INTO closeb_schema.OrderDetails(OrderID,ProductID,Quantity) VALUES (122,147,6);
INSERT INTO closeb_schema.OrderDetails(OrderID,ProductID,Quantity) VALUES (69,123,4);
INSERT INTO closeb_schema.OrderDetails(OrderID,ProductID,Quantity) VALUES (37,139,2);
INSERT INTO closeb_schema.OrderDetails(OrderID,ProductID,Quantity) VALUES (120,21,2);
INSERT INTO closeb_schema.OrderDetails(OrderID,ProductID,Quantity) VALUES (91,92,4);
INSERT INTO closeb_schema.OrderDetails(OrderID,ProductID,Quantity) VALUES (84,95,7);
INSERT INTO closeb_schema.OrderDetails(OrderID,ProductID,Quantity) VALUES (26,63,2);
INSERT INTO closeb_schema.OrderDetails(OrderID,ProductID,Quantity) VALUES (2,66,2);
INSERT INTO closeb_schema.OrderDetails(OrderID,ProductID,Quantity) VALUES (139,116,8);
INSERT INTO closeb_schema.OrderDetails(OrderID,ProductID,Quantity) VALUES (32,50,7);
INSERT INTO closeb_schema.OrderDetails(OrderID,ProductID,Quantity) VALUES (53,47,10);
INSERT INTO closeb_schema.OrderDetails(OrderID,ProductID,Quantity) VALUES (70,67,8);
INSERT INTO closeb_schema.OrderDetails(OrderID,ProductID,Quantity) VALUES (51,32,2);
INSERT INTO closeb_schema.OrderDetails(OrderID,ProductID,Quantity) VALUES (46,75,10);
INSERT INTO closeb_schema.OrderDetails(OrderID,ProductID,Quantity) VALUES (148,10,7);
INSERT INTO closeb_schema.OrderDetails(OrderID,ProductID,Quantity) VALUES (127,31,4);
INSERT INTO closeb_schema.OrderDetails(OrderID,ProductID,Quantity) VALUES (55,138,7);
INSERT INTO closeb_schema.OrderDetails(OrderID,ProductID,Quantity) VALUES (36,9,5);
INSERT INTO closeb_schema.OrderDetails(OrderID,ProductID,Quantity) VALUES (129,103,3);
INSERT INTO closeb_schema.OrderDetails(OrderID,ProductID,Quantity) VALUES (86,26,2);
INSERT INTO closeb_schema.OrderDetails(OrderID,ProductID,Quantity) VALUES (27,134,2);
INSERT INTO closeb_schema.OrderDetails(OrderID,ProductID,Quantity) VALUES (85,91,8);
INSERT INTO closeb_schema.OrderDetails(OrderID,ProductID,Quantity) VALUES (5,78,2);
INSERT INTO closeb_schema.OrderDetails(OrderID,ProductID,Quantity) VALUES (74,38,1);
INSERT INTO closeb_schema.OrderDetails(OrderID,ProductID,Quantity) VALUES (109,36,9);
INSERT INTO closeb_schema.OrderDetails(OrderID,ProductID,Quantity) VALUES (89,109,4);
INSERT INTO closeb_schema.OrderDetails(OrderID,ProductID,Quantity) VALUES (75,14,4);
INSERT INTO closeb_schema.OrderDetails(OrderID,ProductID,Quantity) VALUES (60,87,2);
INSERT INTO closeb_schema.OrderDetails(OrderID,ProductID,Quantity) VALUES (38,66,10);
INSERT INTO closeb_schema.OrderDetails(OrderID,ProductID,Quantity) VALUES (85,62,8);
INSERT INTO closeb_schema.OrderDetails(OrderID,ProductID,Quantity) VALUES (117,119,4);
INSERT INTO closeb_schema.OrderDetails(OrderID,ProductID,Quantity) VALUES (15,98,3);
INSERT INTO closeb_schema.OrderDetails(OrderID,ProductID,Quantity) VALUES (8,29,1);
INSERT INTO closeb_schema.OrderDetails(OrderID,ProductID,Quantity) VALUES (48,63,3);
INSERT INTO closeb_schema.OrderDetails(OrderID,ProductID,Quantity) VALUES (93,12,4);
INSERT INTO closeb_schema.OrderDetails(OrderID,ProductID,Quantity) VALUES (137,110,10);
INSERT INTO closeb_schema.OrderDetails(OrderID,ProductID,Quantity) VALUES (140,135,5);
INSERT INTO closeb_schema.OrderDetails(OrderID,ProductID,Quantity) VALUES (62,29,3);
INSERT INTO closeb_schema.OrderDetails(OrderID,ProductID,Quantity) VALUES (51,78,4);
INSERT INTO closeb_schema.OrderDetails(OrderID,ProductID,Quantity) VALUES (18,11,10);
INSERT INTO closeb_schema.OrderDetails(OrderID,ProductID,Quantity) VALUES (127,143,7);
INSERT INTO closeb_schema.OrderDetails(OrderID,ProductID,Quantity) VALUES (65,32,5);
INSERT INTO closeb_schema.OrderDetails(OrderID,ProductID,Quantity) VALUES (143,3,10);
INSERT INTO closeb_schema.OrderDetails(OrderID,ProductID,Quantity) VALUES (38,6,5);
INSERT INTO closeb_schema.OrderDetails(OrderID,ProductID,Quantity) VALUES (150,126,5);
INSERT INTO closeb_schema.OrderDetails(OrderID,ProductID,Quantity) VALUES (29,57,9);
INSERT INTO closeb_schema.OrderDetails(OrderID,ProductID,Quantity) VALUES (30,10,5);
INSERT INTO closeb_schema.OrderDetails(OrderID,ProductID,Quantity) VALUES (24,132,5);
INSERT INTO closeb_schema.OrderDetails(OrderID,ProductID,Quantity) VALUES (95,132,6);
INSERT INTO closeb_schema.OrderDetails(OrderID,ProductID,Quantity) VALUES (96,67,2);
INSERT INTO closeb_schema.OrderDetails(OrderID,ProductID,Quantity) VALUES (70,108,4);
INSERT INTO closeb_schema.OrderDetails(OrderID,ProductID,Quantity) VALUES (103,93,9);
INSERT INTO closeb_schema.OrderDetails(OrderID,ProductID,Quantity) VALUES (127,131,2);
INSERT INTO closeb_schema.OrderDetails(OrderID,ProductID,Quantity) VALUES (141,59,7);
INSERT INTO closeb_schema.OrderDetails(OrderID,ProductID,Quantity) VALUES (18,2,4);
INSERT INTO closeb_schema.OrderDetails(OrderID,ProductID,Quantity) VALUES (81,75,10);
INSERT INTO closeb_schema.OrderDetails(OrderID,ProductID,Quantity) VALUES (16,119,1);
INSERT INTO closeb_schema.OrderDetails(OrderID,ProductID,Quantity) VALUES (26,149,10);
INSERT INTO closeb_schema.OrderDetails(OrderID,ProductID,Quantity) VALUES (124,139,1);
INSERT INTO closeb_schema.OrderDetails(OrderID,ProductID,Quantity) VALUES (25,141,4);
INSERT INTO closeb_schema.OrderDetails(OrderID,ProductID,Quantity) VALUES (118,56,8);
INSERT INTO closeb_schema.OrderDetails(OrderID,ProductID,Quantity) VALUES (82,46,4);
INSERT INTO closeb_schema.OrderDetails(OrderID,ProductID,Quantity) VALUES (123,69,2);
INSERT INTO closeb_schema.OrderDetails(OrderID,ProductID,Quantity) VALUES (138,62,2);
INSERT INTO closeb_schema.OrderDetails(OrderID,ProductID,Quantity) VALUES (58,84,5);


-- Shipments
INSERT INTO closeb_schema.Shipments(ShipmentCost,CarrierID,OrderID) VALUES (54,23,125);
INSERT INTO closeb_schema.Shipments(ShipmentCost,CarrierID,OrderID) VALUES (19,24,15);
INSERT INTO closeb_schema.Shipments(ShipmentCost,CarrierID,OrderID) VALUES (99,24,19);
INSERT INTO closeb_schema.Shipments(ShipmentCost,CarrierID,OrderID) VALUES (88,41,68);
INSERT INTO closeb_schema.Shipments(ShipmentCost,CarrierID,OrderID) VALUES (26,6,73);
INSERT INTO closeb_schema.Shipments(ShipmentCost,CarrierID,OrderID) VALUES (25,44,114);
INSERT INTO closeb_schema.Shipments(ShipmentCost,CarrierID,OrderID) VALUES (36,6,144);
INSERT INTO closeb_schema.Shipments(ShipmentCost,CarrierID,OrderID) VALUES (16,41,113);
INSERT INTO closeb_schema.Shipments(ShipmentCost,CarrierID,OrderID) VALUES (31,38,108);
INSERT INTO closeb_schema.Shipments(ShipmentCost,CarrierID,OrderID) VALUES (16,27,3);
INSERT INTO closeb_schema.Shipments(ShipmentCost,CarrierID,OrderID) VALUES (88,16,103);
INSERT INTO closeb_schema.Shipments(ShipmentCost,CarrierID,OrderID) VALUES (19,39,113);
INSERT INTO closeb_schema.Shipments(ShipmentCost,CarrierID,OrderID) VALUES (8,2,8);
INSERT INTO closeb_schema.Shipments(ShipmentCost,CarrierID,OrderID) VALUES (79,6,92);
INSERT INTO closeb_schema.Shipments(ShipmentCost,CarrierID,OrderID) VALUES (54,49,98);
INSERT INTO closeb_schema.Shipments(ShipmentCost,CarrierID,OrderID) VALUES (27,1,59);
INSERT INTO closeb_schema.Shipments(ShipmentCost,CarrierID,OrderID) VALUES (41,33,8);
INSERT INTO closeb_schema.Shipments(ShipmentCost,CarrierID,OrderID) VALUES (91,12,68);
INSERT INTO closeb_schema.Shipments(ShipmentCost,CarrierID,OrderID) VALUES (64,29,131);
INSERT INTO closeb_schema.Shipments(ShipmentCost,CarrierID,OrderID) VALUES (31,2,9);
INSERT INTO closeb_schema.Shipments(ShipmentCost,CarrierID,OrderID) VALUES (25,45,39);
INSERT INTO closeb_schema.Shipments(ShipmentCost,CarrierID,OrderID) VALUES (59,36,120);
INSERT INTO closeb_schema.Shipments(ShipmentCost,CarrierID,OrderID) VALUES (60,27,17);
INSERT INTO closeb_schema.Shipments(ShipmentCost,CarrierID,OrderID) VALUES (67,34,149);
INSERT INTO closeb_schema.Shipments(ShipmentCost,CarrierID,OrderID) VALUES (28,3,15);
INSERT INTO closeb_schema.Shipments(ShipmentCost,CarrierID,OrderID) VALUES (61,45,125);
INSERT INTO closeb_schema.Shipments(ShipmentCost,CarrierID,OrderID) VALUES (86,9,43);
INSERT INTO closeb_schema.Shipments(ShipmentCost,CarrierID,OrderID) VALUES (11,26,29);
INSERT INTO closeb_schema.Shipments(ShipmentCost,CarrierID,OrderID) VALUES (28,39,100);
INSERT INTO closeb_schema.Shipments(ShipmentCost,CarrierID,OrderID) VALUES (31,14,64);
INSERT INTO closeb_schema.Shipments(ShipmentCost,CarrierID,OrderID) VALUES (90,13,13);
INSERT INTO closeb_schema.Shipments(ShipmentCost,CarrierID,OrderID) VALUES (81,23,130);
INSERT INTO closeb_schema.Shipments(ShipmentCost,CarrierID,OrderID) VALUES (85,1,37);
INSERT INTO closeb_schema.Shipments(ShipmentCost,CarrierID,OrderID) VALUES (2,29,137);
INSERT INTO closeb_schema.Shipments(ShipmentCost,CarrierID,OrderID) VALUES (89,5,114);
INSERT INTO closeb_schema.Shipments(ShipmentCost,CarrierID,OrderID) VALUES (32,9,107);
INSERT INTO closeb_schema.Shipments(ShipmentCost,CarrierID,OrderID) VALUES (67,21,131);
INSERT INTO closeb_schema.Shipments(ShipmentCost,CarrierID,OrderID) VALUES (77,21,64);
INSERT INTO closeb_schema.Shipments(ShipmentCost,CarrierID,OrderID) VALUES (35,36,9);
INSERT INTO closeb_schema.Shipments(ShipmentCost,CarrierID,OrderID) VALUES (89,29,89);
INSERT INTO closeb_schema.Shipments(ShipmentCost,CarrierID,OrderID) VALUES (76,8,125);
INSERT INTO closeb_schema.Shipments(ShipmentCost,CarrierID,OrderID) VALUES (82,47,119);
INSERT INTO closeb_schema.Shipments(ShipmentCost,CarrierID,OrderID) VALUES (44,14,141);
INSERT INTO closeb_schema.Shipments(ShipmentCost,CarrierID,OrderID) VALUES (99,11,130);
INSERT INTO closeb_schema.Shipments(ShipmentCost,CarrierID,OrderID) VALUES (56,5,18);
INSERT INTO closeb_schema.Shipments(ShipmentCost,CarrierID,OrderID) VALUES (44,40,81);
INSERT INTO closeb_schema.Shipments(ShipmentCost,CarrierID,OrderID) VALUES (27,14,123);
INSERT INTO closeb_schema.Shipments(ShipmentCost,CarrierID,OrderID) VALUES (74,30,27);
INSERT INTO closeb_schema.Shipments(ShipmentCost,CarrierID,OrderID) VALUES (58,28,27);
INSERT INTO closeb_schema.Shipments(ShipmentCost,CarrierID,OrderID) VALUES (92,2,108);
INSERT INTO closeb_schema.Shipments(ShipmentCost,CarrierID,OrderID) VALUES (21,19,138);
INSERT INTO closeb_schema.Shipments(ShipmentCost,CarrierID,OrderID) VALUES (83,42,35);
INSERT INTO closeb_schema.Shipments(ShipmentCost,CarrierID,OrderID) VALUES (54,29,17);
INSERT INTO closeb_schema.Shipments(ShipmentCost,CarrierID,OrderID) VALUES (75,46,112);
INSERT INTO closeb_schema.Shipments(ShipmentCost,CarrierID,OrderID) VALUES (4,31,35);
INSERT INTO closeb_schema.Shipments(ShipmentCost,CarrierID,OrderID) VALUES (73,12,6);
INSERT INTO closeb_schema.Shipments(ShipmentCost,CarrierID,OrderID) VALUES (26,8,25);
INSERT INTO closeb_schema.Shipments(ShipmentCost,CarrierID,OrderID) VALUES (92,48,14);
INSERT INTO closeb_schema.Shipments(ShipmentCost,CarrierID,OrderID) VALUES (51,40,84);
INSERT INTO closeb_schema.Shipments(ShipmentCost,CarrierID,OrderID) VALUES (98,8,28);
INSERT INTO closeb_schema.Shipments(ShipmentCost,CarrierID,OrderID) VALUES (19,38,131);
INSERT INTO closeb_schema.Shipments(ShipmentCost,CarrierID,OrderID) VALUES (49,12,70);
INSERT INTO closeb_schema.Shipments(ShipmentCost,CarrierID,OrderID) VALUES (60,39,149);
INSERT INTO closeb_schema.Shipments(ShipmentCost,CarrierID,OrderID) VALUES (8,42,140);
INSERT INTO closeb_schema.Shipments(ShipmentCost,CarrierID,OrderID) VALUES (44,19,17);
INSERT INTO closeb_schema.Shipments(ShipmentCost,CarrierID,OrderID) VALUES (59,45,131);
INSERT INTO closeb_schema.Shipments(ShipmentCost,CarrierID,OrderID) VALUES (87,34,75);
INSERT INTO closeb_schema.Shipments(ShipmentCost,CarrierID,OrderID) VALUES (100,30,117);
INSERT INTO closeb_schema.Shipments(ShipmentCost,CarrierID,OrderID) VALUES (99,3,24);
INSERT INTO closeb_schema.Shipments(ShipmentCost,CarrierID,OrderID) VALUES (27,10,80);
INSERT INTO closeb_schema.Shipments(ShipmentCost,CarrierID,OrderID) VALUES (99,23,77);
INSERT INTO closeb_schema.Shipments(ShipmentCost,CarrierID,OrderID) VALUES (77,40,86);
INSERT INTO closeb_schema.Shipments(ShipmentCost,CarrierID,OrderID) VALUES (2,4,41);
INSERT INTO closeb_schema.Shipments(ShipmentCost,CarrierID,OrderID) VALUES (10,29,59);
INSERT INTO closeb_schema.Shipments(ShipmentCost,CarrierID,OrderID) VALUES (12,2,78);
INSERT INTO closeb_schema.Shipments(ShipmentCost,CarrierID,OrderID) VALUES (71,43,137);
INSERT INTO closeb_schema.Shipments(ShipmentCost,CarrierID,OrderID) VALUES (28,5,88);
INSERT INTO closeb_schema.Shipments(ShipmentCost,CarrierID,OrderID) VALUES (60,16,68);
INSERT INTO closeb_schema.Shipments(ShipmentCost,CarrierID,OrderID) VALUES (8,39,45);
INSERT INTO closeb_schema.Shipments(ShipmentCost,CarrierID,OrderID) VALUES (30,47,50);
INSERT INTO closeb_schema.Shipments(ShipmentCost,CarrierID,OrderID) VALUES (62,30,124);
INSERT INTO closeb_schema.Shipments(ShipmentCost,CarrierID,OrderID) VALUES (84,49,72);
INSERT INTO closeb_schema.Shipments(ShipmentCost,CarrierID,OrderID) VALUES (2,28,24);
INSERT INTO closeb_schema.Shipments(ShipmentCost,CarrierID,OrderID) VALUES (16,37,130);
INSERT INTO closeb_schema.Shipments(ShipmentCost,CarrierID,OrderID) VALUES (12,7,104);
INSERT INTO closeb_schema.Shipments(ShipmentCost,CarrierID,OrderID) VALUES (53,13,5);
INSERT INTO closeb_schema.Shipments(ShipmentCost,CarrierID,OrderID) VALUES (60,35,8);
INSERT INTO closeb_schema.Shipments(ShipmentCost,CarrierID,OrderID) VALUES (49,14,67);
INSERT INTO closeb_schema.Shipments(ShipmentCost,CarrierID,OrderID) VALUES (90,8,18);
INSERT INTO closeb_schema.Shipments(ShipmentCost,CarrierID,OrderID) VALUES (30,43,73);
INSERT INTO closeb_schema.Shipments(ShipmentCost,CarrierID,OrderID) VALUES (90,19,40);
INSERT INTO closeb_schema.Shipments(ShipmentCost,CarrierID,OrderID) VALUES (62,3,113);
INSERT INTO closeb_schema.Shipments(ShipmentCost,CarrierID,OrderID) VALUES (70,5,47);
INSERT INTO closeb_schema.Shipments(ShipmentCost,CarrierID,OrderID) VALUES (56,1,103);
INSERT INTO closeb_schema.Shipments(ShipmentCost,CarrierID,OrderID) VALUES (5,11,56);
INSERT INTO closeb_schema.Shipments(ShipmentCost,CarrierID,OrderID) VALUES (6,24,39);
INSERT INTO closeb_schema.Shipments(ShipmentCost,CarrierID,OrderID) VALUES (92,19,21);
INSERT INTO closeb_schema.Shipments(ShipmentCost,CarrierID,OrderID) VALUES (43,26,13);
INSERT INTO closeb_schema.Shipments(ShipmentCost,CarrierID,OrderID) VALUES (21,23,41);
INSERT INTO closeb_schema.Shipments(ShipmentCost,CarrierID,OrderID) VALUES (10,16,15);
INSERT INTO closeb_schema.Shipments(ShipmentCost,CarrierID,OrderID) VALUES (71,38,94);
INSERT INTO closeb_schema.Shipments(ShipmentCost,CarrierID,OrderID) VALUES (81,37,72);
INSERT INTO closeb_schema.Shipments(ShipmentCost,CarrierID,OrderID) VALUES (9,6,27);
INSERT INTO closeb_schema.Shipments(ShipmentCost,CarrierID,OrderID) VALUES (21,12,82);
INSERT INTO closeb_schema.Shipments(ShipmentCost,CarrierID,OrderID) VALUES (51,40,45);
INSERT INTO closeb_schema.Shipments(ShipmentCost,CarrierID,OrderID) VALUES (30,41,42);
INSERT INTO closeb_schema.Shipments(ShipmentCost,CarrierID,OrderID) VALUES (93,19,70);
INSERT INTO closeb_schema.Shipments(ShipmentCost,CarrierID,OrderID) VALUES (59,47,36);
INSERT INTO closeb_schema.Shipments(ShipmentCost,CarrierID,OrderID) VALUES (8,1,69);
INSERT INTO closeb_schema.Shipments(ShipmentCost,CarrierID,OrderID) VALUES (4,49,16);
INSERT INTO closeb_schema.Shipments(ShipmentCost,CarrierID,OrderID) VALUES (68,23,58);
INSERT INTO closeb_schema.Shipments(ShipmentCost,CarrierID,OrderID) VALUES (46,36,137);
INSERT INTO closeb_schema.Shipments(ShipmentCost,CarrierID,OrderID) VALUES (95,5,51);
INSERT INTO closeb_schema.Shipments(ShipmentCost,CarrierID,OrderID) VALUES (31,38,147);
INSERT INTO closeb_schema.Shipments(ShipmentCost,CarrierID,OrderID) VALUES (60,42,83);
INSERT INTO closeb_schema.Shipments(ShipmentCost,CarrierID,OrderID) VALUES (94,27,117);
INSERT INTO closeb_schema.Shipments(ShipmentCost,CarrierID,OrderID) VALUES (95,38,142);
INSERT INTO closeb_schema.Shipments(ShipmentCost,CarrierID,OrderID) VALUES (16,5,18);
INSERT INTO closeb_schema.Shipments(ShipmentCost,CarrierID,OrderID) VALUES (85,6,110);
INSERT INTO closeb_schema.Shipments(ShipmentCost,CarrierID,OrderID) VALUES (68,46,92);
INSERT INTO closeb_schema.Shipments(ShipmentCost,CarrierID,OrderID) VALUES (58,4,48);
INSERT INTO closeb_schema.Shipments(ShipmentCost,CarrierID,OrderID) VALUES (32,40,117);
INSERT INTO closeb_schema.Shipments(ShipmentCost,CarrierID,OrderID) VALUES (2,16,102);
INSERT INTO closeb_schema.Shipments(ShipmentCost,CarrierID,OrderID) VALUES (1,40,81);
INSERT INTO closeb_schema.Shipments(ShipmentCost,CarrierID,OrderID) VALUES (84,30,66);
INSERT INTO closeb_schema.Shipments(ShipmentCost,CarrierID,OrderID) VALUES (19,29,52);
INSERT INTO closeb_schema.Shipments(ShipmentCost,CarrierID,OrderID) VALUES (45,29,27);
INSERT INTO closeb_schema.Shipments(ShipmentCost,CarrierID,OrderID) VALUES (68,6,144);
INSERT INTO closeb_schema.Shipments(ShipmentCost,CarrierID,OrderID) VALUES (54,32,38);
INSERT INTO closeb_schema.Shipments(ShipmentCost,CarrierID,OrderID) VALUES (93,22,6);
INSERT INTO closeb_schema.Shipments(ShipmentCost,CarrierID,OrderID) VALUES (52,4,139);
INSERT INTO closeb_schema.Shipments(ShipmentCost,CarrierID,OrderID) VALUES (71,10,95);
INSERT INTO closeb_schema.Shipments(ShipmentCost,CarrierID,OrderID) VALUES (65,44,8);
INSERT INTO closeb_schema.Shipments(ShipmentCost,CarrierID,OrderID) VALUES (52,27,89);
INSERT INTO closeb_schema.Shipments(ShipmentCost,CarrierID,OrderID) VALUES (98,31,83);
INSERT INTO closeb_schema.Shipments(ShipmentCost,CarrierID,OrderID) VALUES (91,7,94);
INSERT INTO closeb_schema.Shipments(ShipmentCost,CarrierID,OrderID) VALUES (17,40,18);
INSERT INTO closeb_schema.Shipments(ShipmentCost,CarrierID,OrderID) VALUES (12,21,34);
INSERT INTO closeb_schema.Shipments(ShipmentCost,CarrierID,OrderID) VALUES (79,7,72);
INSERT INTO closeb_schema.Shipments(ShipmentCost,CarrierID,OrderID) VALUES (13,42,131);
INSERT INTO closeb_schema.Shipments(ShipmentCost,CarrierID,OrderID) VALUES (63,46,143);
INSERT INTO closeb_schema.Shipments(ShipmentCost,CarrierID,OrderID) VALUES (98,19,126);
INSERT INTO closeb_schema.Shipments(ShipmentCost,CarrierID,OrderID) VALUES (87,35,38);
INSERT INTO closeb_schema.Shipments(ShipmentCost,CarrierID,OrderID) VALUES (9,4,38);
INSERT INTO closeb_schema.Shipments(ShipmentCost,CarrierID,OrderID) VALUES (10,42,149);
INSERT INTO closeb_schema.Shipments(ShipmentCost,CarrierID,OrderID) VALUES (38,25,99);
INSERT INTO closeb_schema.Shipments(ShipmentCost,CarrierID,OrderID) VALUES (94,5,85);
INSERT INTO closeb_schema.Shipments(ShipmentCost,CarrierID,OrderID) VALUES (95,14,15);
INSERT INTO closeb_schema.Shipments(ShipmentCost,CarrierID,OrderID) VALUES (92,41,83);
INSERT INTO closeb_schema.Shipments(ShipmentCost,CarrierID,OrderID) VALUES (64,26,43);


-- Wish_lists
INSERT INTO Wish_lists(Name,CustomerID) VALUES ('Polly Beattie',42);
INSERT INTO Wish_lists(Name,CustomerID) VALUES ('Steven Kinghorn',30);
INSERT INTO Wish_lists(Name,CustomerID) VALUES ('Justen Bordessa',45);
INSERT INTO Wish_lists(Name,CustomerID) VALUES ('Sherwood Haeslier',16);
INSERT INTO Wish_lists(Name,CustomerID) VALUES ('Muffin Jeschner',27);
INSERT INTO Wish_lists(Name,CustomerID) VALUES ('Stacia Halgarth',13);
INSERT INTO Wish_lists(Name,CustomerID) VALUES ('Allianora Keningley',29);
INSERT INTO Wish_lists(Name,CustomerID) VALUES ('Sayer Barens',13);
INSERT INTO Wish_lists(Name,CustomerID) VALUES ('Elise Widdup',37);
INSERT INTO Wish_lists(Name,CustomerID) VALUES ('Shanta Currao',45);
INSERT INTO Wish_lists(Name,CustomerID) VALUES ('Uri Kynan',31);
INSERT INTO Wish_lists(Name,CustomerID) VALUES ('Buckie Davidow',23);
INSERT INTO Wish_lists(Name,CustomerID) VALUES ('Steffi Olligan',4);
INSERT INTO Wish_lists(Name,CustomerID) VALUES ('Irene MacColgan',37);
INSERT INTO Wish_lists(Name,CustomerID) VALUES ('Daphene Bellenie',29);
INSERT INTO Wish_lists(Name,CustomerID) VALUES ('Colly Hansbury',4);
INSERT INTO Wish_lists(Name,CustomerID) VALUES ('Jessamine Brackley',25);
INSERT INTO Wish_lists(Name,CustomerID) VALUES ('Kirbee Clayson',18);
INSERT INTO Wish_lists(Name,CustomerID) VALUES ('Melanie O''Reagan',29);
INSERT INTO Wish_lists(Name,CustomerID) VALUES ('Sloan Cumesky',17);
INSERT INTO Wish_lists(Name,CustomerID) VALUES ('Shelli Alan',33);
INSERT INTO Wish_lists(Name,CustomerID) VALUES ('Erv Yedy',1);
INSERT INTO Wish_lists(Name,CustomerID) VALUES ('Sayre Reinert',42);
INSERT INTO Wish_lists(Name,CustomerID) VALUES ('Herman Halgarth',29);
INSERT INTO Wish_lists(Name,CustomerID) VALUES ('Lorene Stockman',50);
INSERT INTO Wish_lists(Name,CustomerID) VALUES ('Caria Michieli',21);
INSERT INTO Wish_lists(Name,CustomerID) VALUES ('Swen Fordy',32);
INSERT INTO Wish_lists(Name,CustomerID) VALUES ('Westbrooke Holbie',39);
INSERT INTO Wish_lists(Name,CustomerID) VALUES ('Delainey Niece',20);
INSERT INTO Wish_lists(Name,CustomerID) VALUES ('Madeleine Peffer',5);
INSERT INTO Wish_lists(Name,CustomerID) VALUES ('Bethena Hasnney',21);
INSERT INTO Wish_lists(Name,CustomerID) VALUES ('Jesse Cromie',31);
INSERT INTO Wish_lists(Name,CustomerID) VALUES ('Penelopa Cough',10);
INSERT INTO Wish_lists(Name,CustomerID) VALUES ('Celinka Buxcey',15);
INSERT INTO Wish_lists(Name,CustomerID) VALUES ('Valli Ricketts',21);
INSERT INTO Wish_lists(Name,CustomerID) VALUES ('Hurley Kondratovich',23);
INSERT INTO Wish_lists(Name,CustomerID) VALUES ('Field Clyburn',30);
INSERT INTO Wish_lists(Name,CustomerID) VALUES ('Hoebart Dionisio',44);
INSERT INTO Wish_lists(Name,CustomerID) VALUES ('Elfrieda Deverille',20);
INSERT INTO Wish_lists(Name,CustomerID) VALUES ('Karena Jenkison',6);
INSERT INTO Wish_lists(Name,CustomerID) VALUES ('Torin Casson',49);
INSERT INTO Wish_lists(Name,CustomerID) VALUES ('Gery Oaten',13);
INSERT INTO Wish_lists(Name,CustomerID) VALUES ('Briana Mounch',17);
INSERT INTO Wish_lists(Name,CustomerID) VALUES ('Alvie Choake',44);
INSERT INTO Wish_lists(Name,CustomerID) VALUES ('Sayres Mertgen',33);
INSERT INTO Wish_lists(Name,CustomerID) VALUES ('Audy Finker',17);
INSERT INTO Wish_lists(Name,CustomerID) VALUES ('Tiler McEntagart',45);
INSERT INTO Wish_lists(Name,CustomerID) VALUES ('Bentley Dugald',33);
INSERT INTO Wish_lists(Name,CustomerID) VALUES ('Stephannie Creigan',11);
INSERT INTO Wish_lists(Name,CustomerID) VALUES ('Vanna Pescod',21);
INSERT INTO Wish_lists(Name,CustomerID) VALUES ('Lynnelle Gingle',39);
INSERT INTO Wish_lists(Name,CustomerID) VALUES ('Jeannette Zanussii',2);
INSERT INTO Wish_lists(Name,CustomerID) VALUES ('Larry Wickmann',34);
INSERT INTO Wish_lists(Name,CustomerID) VALUES ('Rikki Wigmore',35);
INSERT INTO Wish_lists(Name,CustomerID) VALUES ('Michel Boxall',42);
INSERT INTO Wish_lists(Name,CustomerID) VALUES ('Mario Bradley',4);
INSERT INTO Wish_lists(Name,CustomerID) VALUES ('Gaye Tole',5);
INSERT INTO Wish_lists(Name,CustomerID) VALUES ('Wainwright Turbat',2);
INSERT INTO Wish_lists(Name,CustomerID) VALUES ('Conny Ennion',37);
INSERT INTO Wish_lists(Name,CustomerID) VALUES ('Jolynn Marvelley',48);
INSERT INTO Wish_lists(Name,CustomerID) VALUES ('Richardo Hehl',32);
INSERT INTO Wish_lists(Name,CustomerID) VALUES ('Datha Pitt',4);
INSERT INTO Wish_lists(Name,CustomerID) VALUES ('Emmanuel Giff',21);
INSERT INTO Wish_lists(Name,CustomerID) VALUES ('Obediah Tunmore',19);
INSERT INTO Wish_lists(Name,CustomerID) VALUES ('Julius Von Salzberg',12);
INSERT INTO Wish_lists(Name,CustomerID) VALUES ('Koren Castanie',4);
INSERT INTO Wish_lists(Name,CustomerID) VALUES ('Deedee Szreter',7);
INSERT INTO Wish_lists(Name,CustomerID) VALUES ('Dolorita Readshaw',39);
INSERT INTO Wish_lists(Name,CustomerID) VALUES ('Anjanette Jakobssen',16);
INSERT INTO Wish_lists(Name,CustomerID) VALUES ('Fletcher Gaddas',49);
INSERT INTO Wish_lists(Name,CustomerID) VALUES ('Holden Tadgell',20);
INSERT INTO Wish_lists(Name,CustomerID) VALUES ('Cassie Shiel',27);
INSERT INTO Wish_lists(Name,CustomerID) VALUES ('Marco Mark',33);
INSERT INTO Wish_lists(Name,CustomerID) VALUES ('Kris McLeary',7);
INSERT INTO Wish_lists(Name,CustomerID) VALUES ('Adorne Girardy',17);
INSERT INTO Wish_lists(Name,CustomerID) VALUES ('Orville Lebreton',15);
INSERT INTO Wish_lists(Name,CustomerID) VALUES ('Kinna Hentzeler',45);
INSERT INTO Wish_lists(Name,CustomerID) VALUES ('Joanne Pledger',10);
INSERT INTO Wish_lists(Name,CustomerID) VALUES ('Jens Skein',26);
INSERT INTO Wish_lists(Name,CustomerID) VALUES ('Malia Sarfas',15);
INSERT INTO Wish_lists(Name,CustomerID) VALUES ('Kassi Hancill',4);
INSERT INTO Wish_lists(Name,CustomerID) VALUES ('Marlene Armfield',35);
INSERT INTO Wish_lists(Name,CustomerID) VALUES ('Giulia Shillabeer',33);
INSERT INTO Wish_lists(Name,CustomerID) VALUES ('Leeann Cunniffe',28);
INSERT INTO Wish_lists(Name,CustomerID) VALUES ('Smith Pounds',14);
INSERT INTO Wish_lists(Name,CustomerID) VALUES ('Bailie Girardini',23);
INSERT INTO Wish_lists(Name,CustomerID) VALUES ('Daven Kiernan',41);
INSERT INTO Wish_lists(Name,CustomerID) VALUES ('Burgess Scadding',22);
INSERT INTO Wish_lists(Name,CustomerID) VALUES ('Nicko Serrier',46);
INSERT INTO Wish_lists(Name,CustomerID) VALUES ('Jason Lesmonde',32);
INSERT INTO Wish_lists(Name,CustomerID) VALUES ('Doris Baskett',37);
INSERT INTO Wish_lists(Name,CustomerID) VALUES ('Dewie Bisacre',37);
INSERT INTO Wish_lists(Name,CustomerID) VALUES ('Donn Ferrierio',17);
INSERT INTO Wish_lists(Name,CustomerID) VALUES ('Todd Junkin',3);
INSERT INTO Wish_lists(Name,CustomerID) VALUES ('Kayne McCafferky',5);
INSERT INTO Wish_lists(Name,CustomerID) VALUES ('Zea Vassbender',14);
INSERT INTO Wish_lists(Name,CustomerID) VALUES ('Tallie Hinder',32);
INSERT INTO Wish_lists(Name,CustomerID) VALUES ('Celka Blesdill',45);
INSERT INTO Wish_lists(Name,CustomerID) VALUES ('Rosy Hutton',49);
INSERT INTO Wish_lists(Name,CustomerID) VALUES ('Antonin Footitt',33);
INSERT INTO Wish_lists(Name,CustomerID) VALUES ('Farrah Roelvink',47);
INSERT INTO Wish_lists(Name,CustomerID) VALUES ('Teddy Butfield',34);
INSERT INTO Wish_lists(Name,CustomerID) VALUES ('Faustine Wyche',35);
INSERT INTO Wish_lists(Name,CustomerID) VALUES ('Colet Kitchingman',19);
INSERT INTO Wish_lists(Name,CustomerID) VALUES ('Kendra Greave',16);
INSERT INTO Wish_lists(Name,CustomerID) VALUES ('Adan O''Mara',5);
INSERT INTO Wish_lists(Name,CustomerID) VALUES ('Cahra Stroud',40);
INSERT INTO Wish_lists(Name,CustomerID) VALUES ('Justinn Goundry',26);
INSERT INTO Wish_lists(Name,CustomerID) VALUES ('Herc Tease',7);
INSERT INTO Wish_lists(Name,CustomerID) VALUES ('Vilhelmina Kimble',37);
INSERT INTO Wish_lists(Name,CustomerID) VALUES ('Kermie Housecroft',50);
INSERT INTO Wish_lists(Name,CustomerID) VALUES ('Wendell Delacote',21);
INSERT INTO Wish_lists(Name,CustomerID) VALUES ('Porter Ionnidis',38);
INSERT INTO Wish_lists(Name,CustomerID) VALUES ('Valeda Brittain',38);
INSERT INTO Wish_lists(Name,CustomerID) VALUES ('Fionna Eskriet',22);
INSERT INTO Wish_lists(Name,CustomerID) VALUES ('Randell Vernazza',2);
INSERT INTO Wish_lists(Name,CustomerID) VALUES ('Juliet Ferneyhough',34);
INSERT INTO Wish_lists(Name,CustomerID) VALUES ('Elliot Senner',3);
INSERT INTO Wish_lists(Name,CustomerID) VALUES ('Winnah Carlo',8);
INSERT INTO Wish_lists(Name,CustomerID) VALUES ('Pablo Reeday',3);
INSERT INTO Wish_lists(Name,CustomerID) VALUES ('Gerrie Rivaland',37);
INSERT INTO Wish_lists(Name,CustomerID) VALUES ('Willabella Twinning',39);
INSERT INTO Wish_lists(Name,CustomerID) VALUES ('Orlan Steuhlmeyer',30);
INSERT INTO Wish_lists(Name,CustomerID) VALUES ('Jon Scrancher',5);
INSERT INTO Wish_lists(Name,CustomerID) VALUES ('Ekaterina Wagstaff',5);
INSERT INTO Wish_lists(Name,CustomerID) VALUES ('Tully Hodgin',12);
INSERT INTO Wish_lists(Name,CustomerID) VALUES ('Wilek Verdey',45);
INSERT INTO Wish_lists(Name,CustomerID) VALUES ('Hagan Kubacek',40);
INSERT INTO Wish_lists(Name,CustomerID) VALUES ('Sondra Trank',14);
INSERT INTO Wish_lists(Name,CustomerID) VALUES ('Lynn D''Onisi',42);
INSERT INTO Wish_lists(Name,CustomerID) VALUES ('Sande Pfeifer',41);
INSERT INTO Wish_lists(Name,CustomerID) VALUES ('Hamel Joder',50);
INSERT INTO Wish_lists(Name,CustomerID) VALUES ('Kathryne Picker',19);
INSERT INTO Wish_lists(Name,CustomerID) VALUES ('Trudi Eede',10);
INSERT INTO Wish_lists(Name,CustomerID) VALUES ('Marika Luckie',14);
INSERT INTO Wish_lists(Name,CustomerID) VALUES ('Lorianne Westwell',5);
INSERT INTO Wish_lists(Name,CustomerID) VALUES ('Ash Johnsey',11);
INSERT INTO Wish_lists(Name,CustomerID) VALUES ('Octavius Falkingham',17);
INSERT INTO Wish_lists(Name,CustomerID) VALUES ('Chelsie Rimmer',24);
INSERT INTO Wish_lists(Name,CustomerID) VALUES ('Caron Mantrip',26);
INSERT INTO Wish_lists(Name,CustomerID) VALUES ('Gilberte Herche',41);
INSERT INTO Wish_lists(Name,CustomerID) VALUES ('Willamina Gunnell',4);
INSERT INTO Wish_lists(Name,CustomerID) VALUES ('Christopher Theuss',26);
INSERT INTO Wish_lists(Name,CustomerID) VALUES ('Stanwood Pigford',13);
INSERT INTO Wish_lists(Name,CustomerID) VALUES ('Courtnay Spencook',41);
INSERT INTO Wish_lists(Name,CustomerID) VALUES ('Ardella Iacovaccio',23);
INSERT INTO Wish_lists(Name,CustomerID) VALUES ('Marc Ciementini',24);
INSERT INTO Wish_lists(Name,CustomerID) VALUES ('Glen Haggerstone',46);
INSERT INTO Wish_lists(Name,CustomerID) VALUES ('Dinny Neggrini',5);
INSERT INTO Wish_lists(Name,CustomerID) VALUES ('Tiff Sainer',42);


-- Wish_item
INSERT INTO Wish_item(WishID,ProductID) VALUES (17,62);
INSERT INTO Wish_item(WishID,ProductID) VALUES (140,95);
INSERT INTO Wish_item(WishID,ProductID) VALUES (20,65);
INSERT INTO Wish_item(WishID,ProductID) VALUES (134,17);
INSERT INTO Wish_item(WishID,ProductID) VALUES (31,31);
INSERT INTO Wish_item(WishID,ProductID) VALUES (80,34);
INSERT INTO Wish_item(WishID,ProductID) VALUES (149,132);
INSERT INTO Wish_item(WishID,ProductID) VALUES (65,137);
INSERT INTO Wish_item(WishID,ProductID) VALUES (102,29);
INSERT INTO Wish_item(WishID,ProductID) VALUES (46,10);
INSERT INTO Wish_item(WishID,ProductID) VALUES (21,100);
INSERT INTO Wish_item(WishID,ProductID) VALUES (36,60);
INSERT INTO Wish_item(WishID,ProductID) VALUES (19,67);
INSERT INTO Wish_item(WishID,ProductID) VALUES (82,40);
INSERT INTO Wish_item(WishID,ProductID) VALUES (52,88);
INSERT INTO Wish_item(WishID,ProductID) VALUES (42,24);
INSERT INTO Wish_item(WishID,ProductID) VALUES (88,7);
INSERT INTO Wish_item(WishID,ProductID) VALUES (121,59);
INSERT INTO Wish_item(WishID,ProductID) VALUES (56,31);
INSERT INTO Wish_item(WishID,ProductID) VALUES (72,139);
INSERT INTO Wish_item(WishID,ProductID) VALUES (67,144);
INSERT INTO Wish_item(WishID,ProductID) VALUES (27,91);
INSERT INTO Wish_item(WishID,ProductID) VALUES (139,49);
INSERT INTO Wish_item(WishID,ProductID) VALUES (94,106);
INSERT INTO Wish_item(WishID,ProductID) VALUES (46,58);
INSERT INTO Wish_item(WishID,ProductID) VALUES (79,81);
INSERT INTO Wish_item(WishID,ProductID) VALUES (122,104);
INSERT INTO Wish_item(WishID,ProductID) VALUES (137,77);
INSERT INTO Wish_item(WishID,ProductID) VALUES (72,116);
INSERT INTO Wish_item(WishID,ProductID) VALUES (112,136);
INSERT INTO Wish_item(WishID,ProductID) VALUES (111,83);
INSERT INTO Wish_item(WishID,ProductID) VALUES (150,62);
INSERT INTO Wish_item(WishID,ProductID) VALUES (1,3);
INSERT INTO Wish_item(WishID,ProductID) VALUES (55,29);
INSERT INTO Wish_item(WishID,ProductID) VALUES (66,17);
INSERT INTO Wish_item(WishID,ProductID) VALUES (13,31);
INSERT INTO Wish_item(WishID,ProductID) VALUES (136,123);
INSERT INTO Wish_item(WishID,ProductID) VALUES (145,33);
INSERT INTO Wish_item(WishID,ProductID) VALUES (88,50);
INSERT INTO Wish_item(WishID,ProductID) VALUES (86,46);
INSERT INTO Wish_item(WishID,ProductID) VALUES (66,81);
INSERT INTO Wish_item(WishID,ProductID) VALUES (55,97);
INSERT INTO Wish_item(WishID,ProductID) VALUES (142,115);
INSERT INTO Wish_item(WishID,ProductID) VALUES (93,129);
INSERT INTO Wish_item(WishID,ProductID) VALUES (129,78);
INSERT INTO Wish_item(WishID,ProductID) VALUES (150,70);
INSERT INTO Wish_item(WishID,ProductID) VALUES (54,37);
INSERT INTO Wish_item(WishID,ProductID) VALUES (58,116);
INSERT INTO Wish_item(WishID,ProductID) VALUES (105,24);
INSERT INTO Wish_item(WishID,ProductID) VALUES (19,65);
INSERT INTO Wish_item(WishID,ProductID) VALUES (150,72);
INSERT INTO Wish_item(WishID,ProductID) VALUES (3,42);
INSERT INTO Wish_item(WishID,ProductID) VALUES (12,46);
INSERT INTO Wish_item(WishID,ProductID) VALUES (120,145);
INSERT INTO Wish_item(WishID,ProductID) VALUES (90,148);
INSERT INTO Wish_item(WishID,ProductID) VALUES (82,88);
INSERT INTO Wish_item(WishID,ProductID) VALUES (29,104);
INSERT INTO Wish_item(WishID,ProductID) VALUES (57,68);
INSERT INTO Wish_item(WishID,ProductID) VALUES (115,77);
INSERT INTO Wish_item(WishID,ProductID) VALUES (74,19);
INSERT INTO Wish_item(WishID,ProductID) VALUES (94,129);
INSERT INTO Wish_item(WishID,ProductID) VALUES (98,43);
INSERT INTO Wish_item(WishID,ProductID) VALUES (72,93);
INSERT INTO Wish_item(WishID,ProductID) VALUES (78,104);
INSERT INTO Wish_item(WishID,ProductID) VALUES (58,127);
INSERT INTO Wish_item(WishID,ProductID) VALUES (110,7);
INSERT INTO Wish_item(WishID,ProductID) VALUES (30,108);
INSERT INTO Wish_item(WishID,ProductID) VALUES (49,56);
INSERT INTO Wish_item(WishID,ProductID) VALUES (44,13);
INSERT INTO Wish_item(WishID,ProductID) VALUES (5,97);
INSERT INTO Wish_item(WishID,ProductID) VALUES (102,76);
INSERT INTO Wish_item(WishID,ProductID) VALUES (116,29);
INSERT INTO Wish_item(WishID,ProductID) VALUES (59,51);
INSERT INTO Wish_item(WishID,ProductID) VALUES (85,110);
INSERT INTO Wish_item(WishID,ProductID) VALUES (66,143);
INSERT INTO Wish_item(WishID,ProductID) VALUES (141,31);
INSERT INTO Wish_item(WishID,ProductID) VALUES (89,21);
INSERT INTO Wish_item(WishID,ProductID) VALUES (138,2);
INSERT INTO Wish_item(WishID,ProductID) VALUES (77,89);
INSERT INTO Wish_item(WishID,ProductID) VALUES (39,150);
INSERT INTO Wish_item(WishID,ProductID) VALUES (135,50);
INSERT INTO Wish_item(WishID,ProductID) VALUES (12,110);
INSERT INTO Wish_item(WishID,ProductID) VALUES (101,78);
INSERT INTO Wish_item(WishID,ProductID) VALUES (22,130);
INSERT INTO Wish_item(WishID,ProductID) VALUES (136,19);
INSERT INTO Wish_item(WishID,ProductID) VALUES (144,83);
INSERT INTO Wish_item(WishID,ProductID) VALUES (47,79);
INSERT INTO Wish_item(WishID,ProductID) VALUES (41,102);
INSERT INTO Wish_item(WishID,ProductID) VALUES (135,68);
INSERT INTO Wish_item(WishID,ProductID) VALUES (74,150);
INSERT INTO Wish_item(WishID,ProductID) VALUES (98,90);
INSERT INTO Wish_item(WishID,ProductID) VALUES (149,130);
INSERT INTO Wish_item(WishID,ProductID) VALUES (129,108);
INSERT INTO Wish_item(WishID,ProductID) VALUES (28,117);
INSERT INTO Wish_item(WishID,ProductID) VALUES (68,68);
INSERT INTO Wish_item(WishID,ProductID) VALUES (105,146);
INSERT INTO Wish_item(WishID,ProductID) VALUES (62,42);
INSERT INTO Wish_item(WishID,ProductID) VALUES (95,134);
INSERT INTO Wish_item(WishID,ProductID) VALUES (74,114);
INSERT INTO Wish_item(WishID,ProductID) VALUES (5,51);
INSERT INTO Wish_item(WishID,ProductID) VALUES (79,73);
INSERT INTO Wish_item(WishID,ProductID) VALUES (67,49);
INSERT INTO Wish_item(WishID,ProductID) VALUES (97,72);
INSERT INTO Wish_item(WishID,ProductID) VALUES (120,41);
INSERT INTO Wish_item(WishID,ProductID) VALUES (49,57);
INSERT INTO Wish_item(WishID,ProductID) VALUES (104,82);
INSERT INTO Wish_item(WishID,ProductID) VALUES (52,49);
INSERT INTO Wish_item(WishID,ProductID) VALUES (105,46);
INSERT INTO Wish_item(WishID,ProductID) VALUES (39,20);
INSERT INTO Wish_item(WishID,ProductID) VALUES (94,100);
INSERT INTO Wish_item(WishID,ProductID) VALUES (41,34);
INSERT INTO Wish_item(WishID,ProductID) VALUES (150,45);
INSERT INTO Wish_item(WishID,ProductID) VALUES (1,52);
INSERT INTO Wish_item(WishID,ProductID) VALUES (99,73);
INSERT INTO Wish_item(WishID,ProductID) VALUES (148,49);
INSERT INTO Wish_item(WishID,ProductID) VALUES (5,60);
INSERT INTO Wish_item(WishID,ProductID) VALUES (18,83);
INSERT INTO Wish_item(WishID,ProductID) VALUES (136,126);
INSERT INTO Wish_item(WishID,ProductID) VALUES (40,21);
INSERT INTO Wish_item(WishID,ProductID) VALUES (51,1);
INSERT INTO Wish_item(WishID,ProductID) VALUES (23,119);
INSERT INTO Wish_item(WishID,ProductID) VALUES (89,4);
INSERT INTO Wish_item(WishID,ProductID) VALUES (56,57);
INSERT INTO Wish_item(WishID,ProductID) VALUES (115,2);
INSERT INTO Wish_item(WishID,ProductID) VALUES (59,116);
INSERT INTO Wish_item(WishID,ProductID) VALUES (116,102);
INSERT INTO Wish_item(WishID,ProductID) VALUES (119,61);
INSERT INTO Wish_item(WishID,ProductID) VALUES (125,77);
INSERT INTO Wish_item(WishID,ProductID) VALUES (91,59);
INSERT INTO Wish_item(WishID,ProductID) VALUES (102,25);
INSERT INTO Wish_item(WishID,ProductID) VALUES (107,38);
INSERT INTO Wish_item(WishID,ProductID) VALUES (42,69);
INSERT INTO Wish_item(WishID,ProductID) VALUES (2,62);
INSERT INTO Wish_item(WishID,ProductID) VALUES (149,115);
INSERT INTO Wish_item(WishID,ProductID) VALUES (142,129);
INSERT INTO Wish_item(WishID,ProductID) VALUES (110,89);
INSERT INTO Wish_item(WishID,ProductID) VALUES (144,143);
INSERT INTO Wish_item(WishID,ProductID) VALUES (130,95);
INSERT INTO Wish_item(WishID,ProductID) VALUES (97,99);
INSERT INTO Wish_item(WishID,ProductID) VALUES (39,50);
INSERT INTO Wish_item(WishID,ProductID) VALUES (52,6);
INSERT INTO Wish_item(WishID,ProductID) VALUES (93,125);
INSERT INTO Wish_item(WishID,ProductID) VALUES (4,131);
INSERT INTO Wish_item(WishID,ProductID) VALUES (74,139);
INSERT INTO Wish_item(WishID,ProductID) VALUES (5,9);
INSERT INTO Wish_item(WishID,ProductID) VALUES (86,27);
INSERT INTO Wish_item(WishID,ProductID) VALUES (108,75);
INSERT INTO Wish_item(WishID,ProductID) VALUES (31,12);
INSERT INTO Wish_item(WishID,ProductID) VALUES (46,74);
INSERT INTO Wish_item(WishID,ProductID) VALUES (120,134);


-- Social_Media
INSERT INTO Social_Media(Handle,BrandID) VALUES ('Quo Lux',1);
INSERT INTO Social_Media(Handle,BrandID) VALUES ('Latlux',43);
INSERT INTO Social_Media(Handle,BrandID) VALUES ('Daltfresh',26);
INSERT INTO Social_Media(Handle,BrandID) VALUES ('Tres-Zap',41);
INSERT INTO Social_Media(Handle,BrandID) VALUES ('Tresom',46);
INSERT INTO Social_Media(Handle,BrandID) VALUES ('Zaam-Dox',19);
INSERT INTO Social_Media(Handle,BrandID) VALUES ('Zoolab',24);
INSERT INTO Social_Media(Handle,BrandID) VALUES ('Flexidy',22);
INSERT INTO Social_Media(Handle,BrandID) VALUES ('Stronghold',11);
INSERT INTO Social_Media(Handle,BrandID) VALUES ('Voyatouch',41);
INSERT INTO Social_Media(Handle,BrandID) VALUES ('Vagram',7);
INSERT INTO Social_Media(Handle,BrandID) VALUES ('Y-find',49);
INSERT INTO Social_Media(Handle,BrandID) VALUES ('Solarbreeze',40);
INSERT INTO Social_Media(Handle,BrandID) VALUES ('Vagram',15);
INSERT INTO Social_Media(Handle,BrandID) VALUES ('Quo Lux',31);
INSERT INTO Social_Media(Handle,BrandID) VALUES ('Latlux',36);
INSERT INTO Social_Media(Handle,BrandID) VALUES ('Duobam',28);
INSERT INTO Social_Media(Handle,BrandID) VALUES ('Tampflex',11);
INSERT INTO Social_Media(Handle,BrandID) VALUES ('Fix San',16);
INSERT INTO Social_Media(Handle,BrandID) VALUES ('Zamit',7);
INSERT INTO Social_Media(Handle,BrandID) VALUES ('Lotstring',23);
INSERT INTO Social_Media(Handle,BrandID) VALUES ('Flexidy',28);
INSERT INTO Social_Media(Handle,BrandID) VALUES ('Latlux',18);
INSERT INTO Social_Media(Handle,BrandID) VALUES ('Latlux',35);
INSERT INTO Social_Media(Handle,BrandID) VALUES ('Viva',29);
INSERT INTO Social_Media(Handle,BrandID) VALUES ('Greenlam',40);
INSERT INTO Social_Media(Handle,BrandID) VALUES ('Y-find',1);
INSERT INTO Social_Media(Handle,BrandID) VALUES ('Job',39);
INSERT INTO Social_Media(Handle,BrandID) VALUES ('Transcof',28);
INSERT INTO Social_Media(Handle,BrandID) VALUES ('Treeflex',14);
INSERT INTO Social_Media(Handle,BrandID) VALUES ('Lotlux',11);
INSERT INTO Social_Media(Handle,BrandID) VALUES ('Wrapsafe',4);
INSERT INTO Social_Media(Handle,BrandID) VALUES ('Matsoft',22);
INSERT INTO Social_Media(Handle,BrandID) VALUES ('Prodder',47);
INSERT INTO Social_Media(Handle,BrandID) VALUES ('Overhold',19);
INSERT INTO Social_Media(Handle,BrandID) VALUES ('Voltsillam',45);
INSERT INTO Social_Media(Handle,BrandID) VALUES ('Duobam',26);
INSERT INTO Social_Media(Handle,BrandID) VALUES ('Trippledex',24);
INSERT INTO Social_Media(Handle,BrandID) VALUES ('Kanlam',19);
INSERT INTO Social_Media(Handle,BrandID) VALUES ('Opela',35);
INSERT INTO Social_Media(Handle,BrandID) VALUES ('Zontrax',46);
INSERT INTO Social_Media(Handle,BrandID) VALUES ('Transcof',10);
INSERT INTO Social_Media(Handle,BrandID) VALUES ('Gembucket',7);
INSERT INTO Social_Media(Handle,BrandID) VALUES ('Vagram',19);
INSERT INTO Social_Media(Handle,BrandID) VALUES ('Job',45);
INSERT INTO Social_Media(Handle,BrandID) VALUES ('Pannier',35);
INSERT INTO Social_Media(Handle,BrandID) VALUES ('Fixflex',32);
INSERT INTO Social_Media(Handle,BrandID) VALUES ('Andalax',1);
INSERT INTO Social_Media(Handle,BrandID) VALUES ('Zathin',13);
INSERT INTO Social_Media(Handle,BrandID) VALUES ('Tempsoft',17);
INSERT INTO Social_Media(Handle,BrandID) VALUES ('Y-Solowarm',6);
INSERT INTO Social_Media(Handle,BrandID) VALUES ('Y-Solowarm',45);
INSERT INTO Social_Media(Handle,BrandID) VALUES ('Regrant',15);
INSERT INTO Social_Media(Handle,BrandID) VALUES ('Hatity',10);
INSERT INTO Social_Media(Handle,BrandID) VALUES ('Cookley',21);
INSERT INTO Social_Media(Handle,BrandID) VALUES ('Subin',11);
INSERT INTO Social_Media(Handle,BrandID) VALUES ('Keylex',35);
INSERT INTO Social_Media(Handle,BrandID) VALUES ('Fintone',26);
INSERT INTO Social_Media(Handle,BrandID) VALUES ('Greenlam',24);
INSERT INTO Social_Media(Handle,BrandID) VALUES ('Home Ing',9);
INSERT INTO Social_Media(Handle,BrandID) VALUES ('Andalax',34);
INSERT INTO Social_Media(Handle,BrandID) VALUES ('Zontrax',1);
INSERT INTO Social_Media(Handle,BrandID) VALUES ('Zontrax',36);
INSERT INTO Social_Media(Handle,BrandID) VALUES ('Sonsing',25);
INSERT INTO Social_Media(Handle,BrandID) VALUES ('Otcom',44);
INSERT INTO Social_Media(Handle,BrandID) VALUES ('Zontrax',17);
INSERT INTO Social_Media(Handle,BrandID) VALUES ('Alpha',50);
INSERT INTO Social_Media(Handle,BrandID) VALUES ('Bitchip',45);
INSERT INTO Social_Media(Handle,BrandID) VALUES ('Flowdesk',30);
INSERT INTO Social_Media(Handle,BrandID) VALUES ('Stronghold',18);
INSERT INTO Social_Media(Handle,BrandID) VALUES ('Tampflex',34);
INSERT INTO Social_Media(Handle,BrandID) VALUES ('Otcom',5);
INSERT INTO Social_Media(Handle,BrandID) VALUES ('Span',21);
INSERT INTO Social_Media(Handle,BrandID) VALUES ('Y-find',2);
INSERT INTO Social_Media(Handle,BrandID) VALUES ('Mat Lam Tam',28);
INSERT INTO Social_Media(Handle,BrandID) VALUES ('Tresom',15);
INSERT INTO Social_Media(Handle,BrandID) VALUES ('Asoka',26);
INSERT INTO Social_Media(Handle,BrandID) VALUES ('Y-find',25);
INSERT INTO Social_Media(Handle,BrandID) VALUES ('Sonsing',45);
INSERT INTO Social_Media(Handle,BrandID) VALUES ('Daltfresh',35);
INSERT INTO Social_Media(Handle,BrandID) VALUES ('Subin',19);
INSERT INTO Social_Media(Handle,BrandID) VALUES ('Fixflex',16);
INSERT INTO Social_Media(Handle,BrandID) VALUES ('Solarbreeze',29);
INSERT INTO Social_Media(Handle,BrandID) VALUES ('Daltfresh',14);
INSERT INTO Social_Media(Handle,BrandID) VALUES ('Veribet',7);
INSERT INTO Social_Media(Handle,BrandID) VALUES ('Gembucket',21);
INSERT INTO Social_Media(Handle,BrandID) VALUES ('Job',49);
INSERT INTO Social_Media(Handle,BrandID) VALUES ('Tin',39);
INSERT INTO Social_Media(Handle,BrandID) VALUES ('Veribet',38);
INSERT INTO Social_Media(Handle,BrandID) VALUES ('Voyatouch',46);
INSERT INTO Social_Media(Handle,BrandID) VALUES ('Pannier',1);
INSERT INTO Social_Media(Handle,BrandID) VALUES ('Aerified',12);
INSERT INTO Social_Media(Handle,BrandID) VALUES ('Greenlam',32);
INSERT INTO Social_Media(Handle,BrandID) VALUES ('Home Ing',29);
INSERT INTO Social_Media(Handle,BrandID) VALUES ('Hatity',13);
INSERT INTO Social_Media(Handle,BrandID) VALUES ('Hatity',8);
INSERT INTO Social_Media(Handle,BrandID) VALUES ('Holdlamis',39);
INSERT INTO Social_Media(Handle,BrandID) VALUES ('Keylex',4);
INSERT INTO Social_Media(Handle,BrandID) VALUES ('Zathin',38);
INSERT INTO Social_Media(Handle,BrandID) VALUES ('Keylex',17);
INSERT INTO Social_Media(Handle,BrandID) VALUES ('Cardify',2);
INSERT INTO Social_Media(Handle,BrandID) VALUES ('Biodex',20);
INSERT INTO Social_Media(Handle,BrandID) VALUES ('Rank',32);
INSERT INTO Social_Media(Handle,BrandID) VALUES ('Tin',12);
INSERT INTO Social_Media(Handle,BrandID) VALUES ('Job',36);
INSERT INTO Social_Media(Handle,BrandID) VALUES ('Namfix',41);
INSERT INTO Social_Media(Handle,BrandID) VALUES ('Rank',19);
INSERT INTO Social_Media(Handle,BrandID) VALUES ('Stim',3);
INSERT INTO Social_Media(Handle,BrandID) VALUES ('Kanlam',46);
INSERT INTO Social_Media(Handle,BrandID) VALUES ('Stim',48);
INSERT INTO Social_Media(Handle,BrandID) VALUES ('Bigtax',20);
INSERT INTO Social_Media(Handle,BrandID) VALUES ('Konklux',42);
INSERT INTO Social_Media(Handle,BrandID) VALUES ('Zamit',14);
INSERT INTO Social_Media(Handle,BrandID) VALUES ('Sonsing',42);
INSERT INTO Social_Media(Handle,BrandID) VALUES ('Fixflex',44);
INSERT INTO Social_Media(Handle,BrandID) VALUES ('Voltsillam',45);
INSERT INTO Social_Media(Handle,BrandID) VALUES ('Vagram',23);
INSERT INTO Social_Media(Handle,BrandID) VALUES ('Sonair',38);
INSERT INTO Social_Media(Handle,BrandID) VALUES ('Bitchip',31);
INSERT INTO Social_Media(Handle,BrandID) VALUES ('Ventosanzap',20);
INSERT INTO Social_Media(Handle,BrandID) VALUES ('Tres-Zap',6);
INSERT INTO Social_Media(Handle,BrandID) VALUES ('Bytecard',24);
INSERT INTO Social_Media(Handle,BrandID) VALUES ('Alpha',26);
INSERT INTO Social_Media(Handle,BrandID) VALUES ('Temp',33);
INSERT INTO Social_Media(Handle,BrandID) VALUES ('Bitwolf',50);
INSERT INTO Social_Media(Handle,BrandID) VALUES ('Veribet',40);
INSERT INTO Social_Media(Handle,BrandID) VALUES ('Trippledex',4);
INSERT INTO Social_Media(Handle,BrandID) VALUES ('Zoolab',23);
INSERT INTO Social_Media(Handle,BrandID) VALUES ('Kanlam',6);
INSERT INTO Social_Media(Handle,BrandID) VALUES ('Keylex',25);
INSERT INTO Social_Media(Handle,BrandID) VALUES ('Aerified',18);
INSERT INTO Social_Media(Handle,BrandID) VALUES ('Y-Solowarm',24);
INSERT INTO Social_Media(Handle,BrandID) VALUES ('Tresom',33);
INSERT INTO Social_Media(Handle,BrandID) VALUES ('Gembucket',24);
INSERT INTO Social_Media(Handle,BrandID) VALUES ('Stronghold',39);
INSERT INTO Social_Media(Handle,BrandID) VALUES ('Bamity',25);
INSERT INTO Social_Media(Handle,BrandID) VALUES ('Greenlam',46);
INSERT INTO Social_Media(Handle,BrandID) VALUES ('Zaam-Dox',8);
INSERT INTO Social_Media(Handle,BrandID) VALUES ('Ronstring',12);
INSERT INTO Social_Media(Handle,BrandID) VALUES ('Transcof',2);
INSERT INTO Social_Media(Handle,BrandID) VALUES ('Cardify',36);
INSERT INTO Social_Media(Handle,BrandID) VALUES ('Hatity',11);
INSERT INTO Social_Media(Handle,BrandID) VALUES ('It',31);
INSERT INTO Social_Media(Handle,BrandID) VALUES ('Prodder',15);
INSERT INTO Social_Media(Handle,BrandID) VALUES ('Andalax',49);
INSERT INTO Social_Media(Handle,BrandID) VALUES ('Overhold',19);
INSERT INTO Social_Media(Handle,BrandID) VALUES ('Veribet',4);
INSERT INTO Social_Media(Handle,BrandID) VALUES ('Y-Solowarm',14);
INSERT INTO Social_Media(Handle,BrandID) VALUES ('Aerified',29);
INSERT INTO Social_Media(Handle,BrandID) VALUES ('Wrapsafe',32);

-- Review_made
INSERT INTO Review_made(CustomerID,ProductID,n_stars,Comment) VALUES (34,122,2,'Graphical User Interface');
INSERT INTO Review_made(CustomerID,ProductID,n_stars,Comment) VALUES (30,2,3,'mission-critical');
INSERT INTO Review_made(CustomerID,ProductID,n_stars,Comment) VALUES (37,137,5,'coherent');
INSERT INTO Review_made(CustomerID,ProductID,n_stars,Comment) VALUES (28,93,4,'Inverse');
INSERT INTO Review_made(CustomerID,ProductID,n_stars,Comment) VALUES (16,30,3,'multimedia');
INSERT INTO Review_made(CustomerID,ProductID,n_stars,Comment) VALUES (36,147,2,'client-server');
INSERT INTO Review_made(CustomerID,ProductID,n_stars,Comment) VALUES (45,114,1,'web-enabled');
INSERT INTO Review_made(CustomerID,ProductID,n_stars,Comment) VALUES (50,95,4,'Profit-focused');
INSERT INTO Review_made(CustomerID,ProductID,n_stars,Comment) VALUES (20,14,1,'algorithm');
INSERT INTO Review_made(CustomerID,ProductID,n_stars,Comment) VALUES (40,99,5,'contingency');
INSERT INTO Review_made(CustomerID,ProductID,n_stars,Comment) VALUES (46,115,4,'secondary');
INSERT INTO Review_made(CustomerID,ProductID,n_stars,Comment) VALUES (15,21,1,'firmware');
INSERT INTO Review_made(CustomerID,ProductID,n_stars,Comment) VALUES (37,73,5,'Organic');
INSERT INTO Review_made(CustomerID,ProductID,n_stars,Comment) VALUES (25,18,1,'eco-centric');
INSERT INTO Review_made(CustomerID,ProductID,n_stars,Comment) VALUES (48,3,2,'Open-architected');
INSERT INTO Review_made(CustomerID,ProductID,n_stars,Comment) VALUES (22,91,5,'background');
INSERT INTO Review_made(CustomerID,ProductID,n_stars,Comment) VALUES (6,63,1,'Triple-buffered');
INSERT INTO Review_made(CustomerID,ProductID,n_stars,Comment) VALUES (33,56,1,'Cross-platform');
INSERT INTO Review_made(CustomerID,ProductID,n_stars,Comment) VALUES (1,58,5,'uniform');
INSERT INTO Review_made(CustomerID,ProductID,n_stars,Comment) VALUES (7,70,1,'help-desk');
INSERT INTO Review_made(CustomerID,ProductID,n_stars,Comment) VALUES (42,94,1,'Customer-focused');
INSERT INTO Review_made(CustomerID,ProductID,n_stars,Comment) VALUES (44,8,3,'initiative');
INSERT INTO Review_made(CustomerID,ProductID,n_stars,Comment) VALUES (1,86,5,'superstructure');
INSERT INTO Review_made(CustomerID,ProductID,n_stars,Comment) VALUES (47,89,4,'structure');
INSERT INTO Review_made(CustomerID,ProductID,n_stars,Comment) VALUES (2,124,4,'stable');
INSERT INTO Review_made(CustomerID,ProductID,n_stars,Comment) VALUES (12,103,5,'Right-sized');
INSERT INTO Review_made(CustomerID,ProductID,n_stars,Comment) VALUES (29,126,2,'interactive');
INSERT INTO Review_made(CustomerID,ProductID,n_stars,Comment) VALUES (25,77,1,'Graphical User Interface');
INSERT INTO Review_made(CustomerID,ProductID,n_stars,Comment) VALUES (48,116,5,'hub');
INSERT INTO Review_made(CustomerID,ProductID,n_stars,Comment) VALUES (13,68,3,'intermediate');
INSERT INTO Review_made(CustomerID,ProductID,n_stars,Comment) VALUES (34,111,2,'Streamlined');
INSERT INTO Review_made(CustomerID,ProductID,n_stars,Comment) VALUES (42,56,5,'Business-focused');
INSERT INTO Review_made(CustomerID,ProductID,n_stars,Comment) VALUES (39,117,2,'conglomeration');
INSERT INTO Review_made(CustomerID,ProductID,n_stars,Comment) VALUES (16,102,5,'Organized');
INSERT INTO Review_made(CustomerID,ProductID,n_stars,Comment) VALUES (5,125,3,'Virtual');
INSERT INTO Review_made(CustomerID,ProductID,n_stars,Comment) VALUES (5,59,3,'Reactive');
INSERT INTO Review_made(CustomerID,ProductID,n_stars,Comment) VALUES (25,90,3,'Object-based');
INSERT INTO Review_made(CustomerID,ProductID,n_stars,Comment) VALUES (16,51,4,'Programmable');
INSERT INTO Review_made(CustomerID,ProductID,n_stars,Comment) VALUES (26,2,4,'explicit');
INSERT INTO Review_made(CustomerID,ProductID,n_stars,Comment) VALUES (48,108,5,'Seamless');
INSERT INTO Review_made(CustomerID,ProductID,n_stars,Comment) VALUES (43,64,5,'Self-enabling');
INSERT INTO Review_made(CustomerID,ProductID,n_stars,Comment) VALUES (41,74,4,'budgetary management');
INSERT INTO Review_made(CustomerID,ProductID,n_stars,Comment) VALUES (20,35,5,'Multi-lateral');
INSERT INTO Review_made(CustomerID,ProductID,n_stars,Comment) VALUES (13,96,5,'disintermediate');
INSERT INTO Review_made(CustomerID,ProductID,n_stars,Comment) VALUES (48,139,5,'superstructure');
INSERT INTO Review_made(CustomerID,ProductID,n_stars,Comment) VALUES (17,28,3,'Cross-platform');
INSERT INTO Review_made(CustomerID,ProductID,n_stars,Comment) VALUES (25,67,5,'internet solution');
INSERT INTO Review_made(CustomerID,ProductID,n_stars,Comment) VALUES (18,29,3,'methodical');
INSERT INTO Review_made(CustomerID,ProductID,n_stars,Comment) VALUES (32,45,5,'standardization');
INSERT INTO Review_made(CustomerID,ProductID,n_stars,Comment) VALUES (28,74,2,'stable');
INSERT INTO Review_made(CustomerID,ProductID,n_stars,Comment) VALUES (17,6,2,'Seamless');
INSERT INTO Review_made(CustomerID,ProductID,n_stars,Comment) VALUES (38,147,1,'Stand-alone');
INSERT INTO Review_made(CustomerID,ProductID,n_stars,Comment) VALUES (16,103,2,'budgetary management');
INSERT INTO Review_made(CustomerID,ProductID,n_stars,Comment) VALUES (12,111,4,'value-added');
INSERT INTO Review_made(CustomerID,ProductID,n_stars,Comment) VALUES (6,94,5,'user-facing');
INSERT INTO Review_made(CustomerID,ProductID,n_stars,Comment) VALUES (40,14,5,'bifurcated');
INSERT INTO Review_made(CustomerID,ProductID,n_stars,Comment) VALUES (14,86,4,'Centralized');
INSERT INTO Review_made(CustomerID,ProductID,n_stars,Comment) VALUES (15,114,3,'Synergized');
INSERT INTO Review_made(CustomerID,ProductID,n_stars,Comment) VALUES (22,31,2,'Multi-lateral');
INSERT INTO Review_made(CustomerID,ProductID,n_stars,Comment) VALUES (34,92,4,'migration');
INSERT INTO Review_made(CustomerID,ProductID,n_stars,Comment) VALUES (42,14,4,'circuit');
INSERT INTO Review_made(CustomerID,ProductID,n_stars,Comment) VALUES (50,18,4,'initiative');
INSERT INTO Review_made(CustomerID,ProductID,n_stars,Comment) VALUES (36,26,3,'human-resource');
INSERT INTO Review_made(CustomerID,ProductID,n_stars,Comment) VALUES (37,98,5,'high-level');
INSERT INTO Review_made(CustomerID,ProductID,n_stars,Comment) VALUES (24,43,3,'Networked');
INSERT INTO Review_made(CustomerID,ProductID,n_stars,Comment) VALUES (17,51,3,'focus group');
INSERT INTO Review_made(CustomerID,ProductID,n_stars,Comment) VALUES (35,2,4,'scalable');
INSERT INTO Review_made(CustomerID,ProductID,n_stars,Comment) VALUES (50,20,4,'Multi-channelled');
INSERT INTO Review_made(CustomerID,ProductID,n_stars,Comment) VALUES (16,112,3,'value-added');
INSERT INTO Review_made(CustomerID,ProductID,n_stars,Comment) VALUES (48,16,4,'Total');
INSERT INTO Review_made(CustomerID,ProductID,n_stars,Comment) VALUES (37,97,2,'heuristic');
INSERT INTO Review_made(CustomerID,ProductID,n_stars,Comment) VALUES (13,50,5,'solution');
INSERT INTO Review_made(CustomerID,ProductID,n_stars,Comment) VALUES (34,39,1,'Optional');
INSERT INTO Review_made(CustomerID,ProductID,n_stars,Comment) VALUES (49,124,5,'workforce');
INSERT INTO Review_made(CustomerID,ProductID,n_stars,Comment) VALUES (45,72,3,'intangible');
INSERT INTO Review_made(CustomerID,ProductID,n_stars,Comment) VALUES (27,113,4,'capability');
INSERT INTO Review_made(CustomerID,ProductID,n_stars,Comment) VALUES (46,41,4,'local');
INSERT INTO Review_made(CustomerID,ProductID,n_stars,Comment) VALUES (15,9,2,'Digitized');
INSERT INTO Review_made(CustomerID,ProductID,n_stars,Comment) VALUES (19,99,1,'global');
INSERT INTO Review_made(CustomerID,ProductID,n_stars,Comment) VALUES (6,139,1,'Vision-oriented');
INSERT INTO Review_made(CustomerID,ProductID,n_stars,Comment) VALUES (26,119,2,'static');
INSERT INTO Review_made(CustomerID,ProductID,n_stars,Comment) VALUES (11,20,3,'capability');
INSERT INTO Review_made(CustomerID,ProductID,n_stars,Comment) VALUES (34,109,5,'Open-architected');
INSERT INTO Review_made(CustomerID,ProductID,n_stars,Comment) VALUES (48,14,2,'Centralized');
INSERT INTO Review_made(CustomerID,ProductID,n_stars,Comment) VALUES (35,48,5,'Seamless');
INSERT INTO Review_made(CustomerID,ProductID,n_stars,Comment) VALUES (5,134,5,'Open-architected');
INSERT INTO Review_made(CustomerID,ProductID,n_stars,Comment) VALUES (47,59,5,'workforce');
INSERT INTO Review_made(CustomerID,ProductID,n_stars,Comment) VALUES (7,56,2,'client-server');
INSERT INTO Review_made(CustomerID,ProductID,n_stars,Comment) VALUES (26,89,4,'Proactive');
INSERT INTO Review_made(CustomerID,ProductID,n_stars,Comment) VALUES (46,149,1,'grid-enabled');
INSERT INTO Review_made(CustomerID,ProductID,n_stars,Comment) VALUES (18,10,1,'encryption');
INSERT INTO Review_made(CustomerID,ProductID,n_stars,Comment) VALUES (11,105,4,'coherent');
INSERT INTO Review_made(CustomerID,ProductID,n_stars,Comment) VALUES (14,107,2,'database');
INSERT INTO Review_made(CustomerID,ProductID,n_stars,Comment) VALUES (39,97,4,'contextually-based');
INSERT INTO Review_made(CustomerID,ProductID,n_stars,Comment) VALUES (49,125,5,'customer loyalty');
INSERT INTO Review_made(CustomerID,ProductID,n_stars,Comment) VALUES (42,58,2,'access');
INSERT INTO Review_made(CustomerID,ProductID,n_stars,Comment) VALUES (31,118,2,'software');
INSERT INTO Review_made(CustomerID,ProductID,n_stars,Comment) VALUES (38,149,3,'Reactive');
INSERT INTO Review_made(CustomerID,ProductID,n_stars,Comment) VALUES (6,137,1,'forecast');
INSERT INTO Review_made(CustomerID,ProductID,n_stars,Comment) VALUES (39,85,2,'Intuitive');
INSERT INTO Review_made(CustomerID,ProductID,n_stars,Comment) VALUES (16,138,5,'grid-enabled');
INSERT INTO Review_made(CustomerID,ProductID,n_stars,Comment) VALUES (1,3,2,'foreground');
INSERT INTO Review_made(CustomerID,ProductID,n_stars,Comment) VALUES (31,15,4,'didactic');
INSERT INTO Review_made(CustomerID,ProductID,n_stars,Comment) VALUES (24,126,5,'complexity');
INSERT INTO Review_made(CustomerID,ProductID,n_stars,Comment) VALUES (12,86,2,'solution-oriented');
INSERT INTO Review_made(CustomerID,ProductID,n_stars,Comment) VALUES (1,61,4,'Reverse-engineered');
INSERT INTO Review_made(CustomerID,ProductID,n_stars,Comment) VALUES (10,18,3,'Exclusive');
INSERT INTO Review_made(CustomerID,ProductID,n_stars,Comment) VALUES (35,101,1,'Switchable');
INSERT INTO Review_made(CustomerID,ProductID,n_stars,Comment) VALUES (18,94,1,'Organic');
INSERT INTO Review_made(CustomerID,ProductID,n_stars,Comment) VALUES (16,133,3,'Managed');
INSERT INTO Review_made(CustomerID,ProductID,n_stars,Comment) VALUES (50,75,2,'scalable');
INSERT INTO Review_made(CustomerID,ProductID,n_stars,Comment) VALUES (22,82,2,'Compatible');
INSERT INTO Review_made(CustomerID,ProductID,n_stars,Comment) VALUES (21,8,1,'budgetary management');
INSERT INTO Review_made(CustomerID,ProductID,n_stars,Comment) VALUES (25,51,5,'Polarised');
INSERT INTO Review_made(CustomerID,ProductID,n_stars,Comment) VALUES (17,54,5,'customer loyalty');
INSERT INTO Review_made(CustomerID,ProductID,n_stars,Comment) VALUES (26,92,1,'tertiary');
INSERT INTO Review_made(CustomerID,ProductID,n_stars,Comment) VALUES (37,101,1,'algorithm');
INSERT INTO Review_made(CustomerID,ProductID,n_stars,Comment) VALUES (14,15,3,'artificial intelligence');
INSERT INTO Review_made(CustomerID,ProductID,n_stars,Comment) VALUES (46,5,5,'analyzer');
INSERT INTO Review_made(CustomerID,ProductID,n_stars,Comment) VALUES (45,36,3,'actuating');
INSERT INTO Review_made(CustomerID,ProductID,n_stars,Comment) VALUES (36,28,5,'coherent');
INSERT INTO Review_made(CustomerID,ProductID,n_stars,Comment) VALUES (11,50,1,'service-desk');
INSERT INTO Review_made(CustomerID,ProductID,n_stars,Comment) VALUES (9,109,5,'Integrated');
INSERT INTO Review_made(CustomerID,ProductID,n_stars,Comment) VALUES (19,19,5,'Secured');
INSERT INTO Review_made(CustomerID,ProductID,n_stars,Comment) VALUES (30,52,5,'dynamic');
INSERT INTO Review_made(CustomerID,ProductID,n_stars,Comment) VALUES (14,55,5,'circuit');
INSERT INTO Review_made(CustomerID,ProductID,n_stars,Comment) VALUES (9,147,3,'Pre-emptive');
INSERT INTO Review_made(CustomerID,ProductID,n_stars,Comment) VALUES (4,11,3,'reciprocal');
INSERT INTO Review_made(CustomerID,ProductID,n_stars,Comment) VALUES (40,22,4,'User-friendly');
INSERT INTO Review_made(CustomerID,ProductID,n_stars,Comment) VALUES (17,86,5,'moratorium');
INSERT INTO Review_made(CustomerID,ProductID,n_stars,Comment) VALUES (20,119,4,'coherent');
INSERT INTO Review_made(CustomerID,ProductID,n_stars,Comment) VALUES (30,18,2,'Extended');
INSERT INTO Review_made(CustomerID,ProductID,n_stars,Comment) VALUES (18,139,4,'Triple-buffered');
INSERT INTO Review_made(CustomerID,ProductID,n_stars,Comment) VALUES (13,19,4,'utilisation');
INSERT INTO Review_made(CustomerID,ProductID,n_stars,Comment) VALUES (25,102,1,'approach');
INSERT INTO Review_made(CustomerID,ProductID,n_stars,Comment) VALUES (37,97,1,'info-mediaries');
INSERT INTO Review_made(CustomerID,ProductID,n_stars,Comment) VALUES (21,93,4,'Exclusive');
INSERT INTO Review_made(CustomerID,ProductID,n_stars,Comment) VALUES (50,22,1,'analyzer');
INSERT INTO Review_made(CustomerID,ProductID,n_stars,Comment) VALUES (49,92,3,'neutral');
INSERT INTO Review_made(CustomerID,ProductID,n_stars,Comment) VALUES (27,81,4,'zero defect');
INSERT INTO Review_made(CustomerID,ProductID,n_stars,Comment) VALUES (12,9,2,'actuating');
INSERT INTO Review_made(CustomerID,ProductID,n_stars,Comment) VALUES (26,4,5,'pricing structure');
INSERT INTO Review_made(CustomerID,ProductID,n_stars,Comment) VALUES (45,17,2,'info-mediaries');
INSERT INTO Review_made(CustomerID,ProductID,n_stars,Comment) VALUES (40,30,4,'responsive');
INSERT INTO Review_made(CustomerID,ProductID,n_stars,Comment) VALUES (4,24,2,'Sharable');
INSERT INTO Review_made(CustomerID,ProductID,n_stars,Comment) VALUES (8,56,1,'Graphic Interface');
INSERT INTO Review_made(CustomerID,ProductID,n_stars,Comment) VALUES (28,87,3,'needs-based');
INSERT INTO Review_made(CustomerID,ProductID,n_stars,Comment) VALUES (19,73,1,'workforce');
INSERT INTO Review_made(CustomerID,ProductID,n_stars,Comment) VALUES (6,33,1,'open system');
INSERT INTO Review_made(CustomerID,ProductID,n_stars,Comment) VALUES (7,5,5,'Polarised');


SET FOREIGN_KEY_CHECKS=@OLD_FOREIGN_KEY_CHECKS;
SET UNIQUE_CHECKS=@OLD_UNIQUE_CHECKS;
