#
# Converted from MS Access 2010 closeb_schema database (closeb_schema.accdb) using
# Bullzip MS Access to MySQL Version 5.1.242. http://www.bullzip.com
#
# CHANGES MADE AFTER INITIAL CONVERSION
# * column and row names in CamelCase converted to lower_case_with_underscore
# * space and slash ("/") in table and column names replaced with _underscore_
# * id column names converted to "id"
# * foreign key column names converted to xxx_id
# * variables of type TIMESTAMP converted to DATETIME to avoid TIMESTAMP
#   range limitation (1997 - 2038 UTC), and other limitations.
# * unique and foreign key checks disabled while loading data
#
#------------------------------------------------------------------
#

SET @OLD_UNIQUE_CHECKS=@@UNIQUE_CHECKS, UNIQUE_CHECKS=0;
SET @OLD_FOREIGN_KEY_CHECKS=@@FOREIGN_KEY_CHECKS, FOREIGN_KEY_CHECKS=0;

USE `closeb_schema`;

#
# Dumping data
#

-- Customers
INSERT INTO closeb_schema.Customers(CustomerID,First,Last,City,ZIP,State,Street) VALUES (1,'Rosetta','Verrillo','Topeka',66611,'Kansas','6 Blaine Hill');
INSERT INTO closeb_schema.Customers(CustomerID,First,Last,City,ZIP,State,Street) VALUES (2,'Patrick','Bartosik','Johnson City',37605,'Tennessee','25 Bowman Alley');
INSERT INTO closeb_schema.Customers(CustomerID,First,Last,City,ZIP,State,Street) VALUES (3,'Breanne','Kondratovich','Manchester',03105,'New Hampshire','949 Cottonwood Street');
INSERT INTO closeb_schema.Customers(CustomerID,First,Last,City,ZIP,State,Street) VALUES (4,'Fabiano','Veneur','Santa Ana',92725,'California','95402 4th Junction');
INSERT INTO closeb_schema.Customers(CustomerID,First,Last,City,ZIP,State,Street) VALUES (5,'Dru','Floweth','Wichita Falls',76305,'Texas','200 Talmadge Center');
INSERT INTO closeb_schema.Customers(CustomerID,First,Last,City,ZIP,State,Street) VALUES (6,'Brady','Pleager','Mesquite',75185,'Texas','6122 Hermina Pass');
INSERT INTO closeb_schema.Customers(CustomerID,First,Last,City,ZIP,State,Street) VALUES (7,'Siffre','Akast','Long Beach',90805,'California','6 Gulseth Alley');
INSERT INTO closeb_schema.Customers(CustomerID,First,Last,City,ZIP,State,Street) VALUES (8,'Anna-diane','Diboll','Newark',19725,'Delaware','8 Old Shore Drive');
INSERT INTO closeb_schema.Customers(CustomerID,First,Last,City,ZIP,State,Street) VALUES (9,'Munmro','Hannaby','Atlanta',31136,'Georgia','41830 Almo Court');
INSERT INTO closeb_schema.Customers(CustomerID,First,Last,City,ZIP,State,Street) VALUES (10,'Earl','Eich','Atlanta',31132,'Georgia','410 Chive Drive');
INSERT INTO closeb_schema.Customers(CustomerID,First,Last,City,ZIP,State,Street) VALUES (11,'Lorens','Speaks','Memphis',38197,'Tennessee','0852 Eggendart Center');
INSERT INTO closeb_schema.Customers(CustomerID,First,Last,City,ZIP,State,Street) VALUES (12,'Dru','Tilford','Riverside',92519,'California','831 Mcbride Parkway');
INSERT INTO closeb_schema.Customers(CustomerID,First,Last,City,ZIP,State,Street) VALUES (13,'Nerta','Driscoll','Detroit',48206,'Michigan','93 Eagle Crest Road');
INSERT INTO closeb_schema.Customers(CustomerID,First,Last,City,ZIP,State,Street) VALUES (14,'Boony','Dalyiel','Austin',78737,'Texas','1 Carey Alley');
INSERT INTO closeb_schema.Customers(CustomerID,First,Last,City,ZIP,State,Street) VALUES (15,'Niall','Conlaund','Tulsa',74133,'Oklahoma','8002 Browning Pass');
INSERT INTO closeb_schema.Customers(CustomerID,First,Last,City,ZIP,State,Street) VALUES (16,'Alric','Delia','Saginaw',48604,'Michigan','5 Morrow Circle');
INSERT INTO closeb_schema.Customers(CustomerID,First,Last,City,ZIP,State,Street) VALUES (17,'Daune','MacDonogh','Buffalo',14233,'New York','3581 Goodland Terrace');
INSERT INTO closeb_schema.Customers(CustomerID,First,Last,City,ZIP,State,Street) VALUES (18,'Adaline','Skough','Columbus',43215,'Ohio','73 Quincy Avenue');
INSERT INTO closeb_schema.Customers(CustomerID,First,Last,City,ZIP,State,Street) VALUES (19,'Toiboid','Hourican','Tucson',85720,'Arizona','0 Thackeray Drive');
INSERT INTO closeb_schema.Customers(CustomerID,First,Last,City,ZIP,State,Street) VALUES (20,'Pasquale','Gillani','Seattle',98185,'Washington','122 Nancy Crossing');
INSERT INTO closeb_schema.Customers(CustomerID,First,Last,City,ZIP,State,Street) VALUES (21,'Conny','Franciottoi','Miami',33283,'Florida','91 Green Ridge Plaza');
INSERT INTO closeb_schema.Customers(CustomerID,First,Last,City,ZIP,State,Street) VALUES (22,'Tildie','Heeley','New Orleans',70187,'Louisiana','46367 Pleasure Parkway');
INSERT INTO closeb_schema.Customers(CustomerID,First,Last,City,ZIP,State,Street) VALUES (23,'Kore','Viggers','Roanoke',24009,'Virginia','99344 8th Circle');
INSERT INTO closeb_schema.Customers(CustomerID,First,Last,City,ZIP,State,Street) VALUES (24,'Gunilla','Utridge','Anchorage',99517,'Alaska','44 Morningstar Point');
INSERT INTO closeb_schema.Customers(CustomerID,First,Last,City,ZIP,State,Street) VALUES (25,'Devondra','Stedson','Memphis',38181,'Tennessee','05 Hoffman Parkway');
INSERT INTO closeb_schema.Customers(CustomerID,First,Last,City,ZIP,State,Street) VALUES (26,'Justinian','Overlow','Aurora',80045,'Colorado','65 Eggendart Lane');
INSERT INTO closeb_schema.Customers(CustomerID,First,Last,City,ZIP,State,Street) VALUES (27,'Nichol','MacFayden','Boston',02216,'Massachusetts','6 Porter Road');
INSERT INTO closeb_schema.Customers(CustomerID,First,Last,City,ZIP,State,Street) VALUES (28,'Rena','Van den Bosch','Paterson',07544,'New Jersey','930 Anderson Park');
INSERT INTO closeb_schema.Customers(CustomerID,First,Last,City,ZIP,State,Street) VALUES (29,'Clywd','Gianolini','Anderson',29625,'South Carolina','8878 Fulton Parkway');
INSERT INTO closeb_schema.Customers(CustomerID,First,Last,City,ZIP,State,Street) VALUES (30,'Artus','Millican','Roanoke',24029,'Virginia','1879 Golf Court');
INSERT INTO closeb_schema.Customers(CustomerID,First,Last,City,ZIP,State,Street) VALUES (31,'Kiley','McCarle','West Palm Beach',33405,'Florida','2 Scott Street');
INSERT INTO closeb_schema.Customers(CustomerID,First,Last,City,ZIP,State,Street) VALUES (32,'Joellen','Michelin','New Orleans',70165,'Louisiana','95 Dawn Center');
INSERT INTO closeb_schema.Customers(CustomerID,First,Last,City,ZIP,State,Street) VALUES (33,'Jillian','de Glanville','Salem',97306,'Oregon','61 Carioca Terrace');
INSERT INTO closeb_schema.Customers(CustomerID,First,Last,City,ZIP,State,Street) VALUES (34,'Laurette','Gerok','Houston',77288,'Texas','18 Bonner Circle');
INSERT INTO closeb_schema.Customers(CustomerID,First,Last,City,ZIP,State,Street) VALUES (35,'Gretna','Jewer','Morgantown',26505,'West Virginia','791 Boyd Plaza');
INSERT INTO closeb_schema.Customers(CustomerID,First,Last,City,ZIP,State,Street) VALUES (36,'Jerry','Simecek','Stamford',06905,'Connecticut','73098 Nevada Hill');
INSERT INTO closeb_schema.Customers(CustomerID,First,Last,City,ZIP,State,Street) VALUES (37,'Virginie','Itzkov','Dallas',75205,'Texas','481 Independence Road');
INSERT INTO closeb_schema.Customers(CustomerID,First,Last,City,ZIP,State,Street) VALUES (38,'Em','Kharchinski','Carol Stream',60351,'Illinois','33 Summit Point');
INSERT INTO closeb_schema.Customers(CustomerID,First,Last,City,ZIP,State,Street) VALUES (39,'Jackelyn','Gammage','Sarasota',34276,'Florida','6 Moulton Park');
INSERT INTO closeb_schema.Customers(CustomerID,First,Last,City,ZIP,State,Street) VALUES (40,'Maire','Margach','Flint',48555,'Michigan','34868 Commercial Hill');
INSERT INTO closeb_schema.Customers(CustomerID,First,Last,City,ZIP,State,Street) VALUES (41,'Neila','Ledner','Young America',55557,'Minnesota','480 Kings Park');
INSERT INTO closeb_schema.Customers(CustomerID,First,Last,City,ZIP,State,Street) VALUES (42,'Geno','Ginnety','Fort Myers',33913,'Florida','809 Hanover Road');
INSERT INTO closeb_schema.Customers(CustomerID,First,Last,City,ZIP,State,Street) VALUES (43,'Moyra','Measures','Lexington',40510,'Kentucky','0 6th Way');
INSERT INTO closeb_schema.Customers(CustomerID,First,Last,City,ZIP,State,Street) VALUES (44,'Thaddus','Sture','Portland',97206,'Oregon','75607 Eastlawn Terrace');
INSERT INTO closeb_schema.Customers(CustomerID,First,Last,City,ZIP,State,Street) VALUES (45,'Hersh','Gadault','Brooklyn',11225,'New York','9 Vera Plaza');
INSERT INTO closeb_schema.Customers(CustomerID,First,Last,City,ZIP,State,Street) VALUES (46,'Thatch','Gantley','Houston',77266,'Texas','5 Dahle Street');
INSERT INTO closeb_schema.Customers(CustomerID,First,Last,City,ZIP,State,Street) VALUES (47,'Dorothy','Twittey','Houston',77015,'Texas','758 Kenwood Hill');
INSERT INTO closeb_schema.Customers(CustomerID,First,Last,City,ZIP,State,Street) VALUES (48,'Kinsley','Goodacre','Corpus Christi',78475,'Texas','99 Homewood Place');
INSERT INTO closeb_schema.Customers(CustomerID,First,Last,City,ZIP,State,Street) VALUES (49,'Arlen','Rose','Tacoma',98411,'Washington','56 Amoth Point');
INSERT INTO closeb_schema.Customers(CustomerID,First,Last,City,ZIP,State,Street) VALUES (50,'Ella','Gilham','North Little Rock',72199,'Arkansas','4353 Algoma Court');


-- Brands
INSERT INTO closeb_schema.Brands(BrandID,Name,Email,City,ZIP,State,Street) VALUES (1,'Vivie Massei','vmassei0@indiatimes.com','Salt Lake City',84140,'Utah','40 Haas Hill');
INSERT INTO closeb_schema.Brands(BrandID,Name,Email,City,ZIP,State,Street) VALUES (2,'Sidnee Stainburn','sstainburn1@ifeng.com','Greensboro',27499,'North Carolina','1 Division Circle');
INSERT INTO closeb_schema.Brands(BrandID,Name,Email,City,ZIP,State,Street) VALUES (3,'Shelly Francillo','sfrancillo2@angelfire.com','Evansville',47719,'Indiana','549 Tomscot Point');
INSERT INTO closeb_schema.Brands(BrandID,Name,Email,City,ZIP,State,Street) VALUES (4,'Libbie Treherne','ltreherne3@bloglovin.com','Hialeah',33013,'Florida','4649 School Circle');
INSERT INTO closeb_schema.Brands(BrandID,Name,Email,City,ZIP,State,Street) VALUES (5,'Davon D''Onise','ddonise4@simplemachines.org','Sacramento',95838,'California','85457 Maple Avenue');
INSERT INTO closeb_schema.Brands(BrandID,Name,Email,City,ZIP,State,Street) VALUES (6,'Annmarie Carlo','acarlo5@joomla.org','Philadelphia',19125,'Pennsylvania','3052 Green Park');
INSERT INTO closeb_schema.Brands(BrandID,Name,Email,City,ZIP,State,Street) VALUES (7,'Page Shapera','pshapera6@fotki.com','El Paso',79968,'Texas','611 Golf View Pass');
INSERT INTO closeb_schema.Brands(BrandID,Name,Email,City,ZIP,State,Street) VALUES (8,'Odey Tingcomb','otingcomb7@cbslocal.com','Seminole',34642,'Florida','0074 Merry Alley');
INSERT INTO closeb_schema.Brands(BrandID,Name,Email,City,ZIP,State,Street) VALUES (9,'Melina Angeau','mangeau8@dmoz.org','Memphis',38126,'Tennessee','369 Logan Drive');
INSERT INTO closeb_schema.Brands(BrandID,Name,Email,City,ZIP,State,Street) VALUES (10,'Hilliard Clelle','hclelle9@phoca.cz','New Orleans',70124,'Louisiana','6 American Ash Lane');
INSERT INTO closeb_schema.Brands(BrandID,Name,Email,City,ZIP,State,Street) VALUES (11,'Starlin Dibdall','sdibdalla@salon.com','Jamaica',11436,'New York','795 Westport Road');
INSERT INTO closeb_schema.Brands(BrandID,Name,Email,City,ZIP,State,Street) VALUES (12,'Eduino Anthoine','eanthoineb@ovh.net','Monticello',55565,'Minnesota','39723 Anderson Hill');
INSERT INTO closeb_schema.Brands(BrandID,Name,Email,City,ZIP,State,Street) VALUES (13,'Serge Clapshaw','sclapshawc@aboutads.info','Phoenix',85040,'Arizona','06938 Bayside Circle');
INSERT INTO closeb_schema.Brands(BrandID,Name,Email,City,ZIP,State,Street) VALUES (14,'Antoine Von Oertzen','avond@skyrock.com','New Castle',16107,'Pennsylvania','1 David Terrace');
INSERT INTO closeb_schema.Brands(BrandID,Name,Email,City,ZIP,State,Street) VALUES (15,'Jere Maudling','jmaudlinge@drupal.org','Columbia',29203,'South Carolina','5 Oneill Drive');
INSERT INTO closeb_schema.Brands(BrandID,Name,Email,City,ZIP,State,Street) VALUES (16,'Rollin Antusch','rantuschf@icio.us','Yakima',98907,'Washington','5 Truax Lane');
INSERT INTO closeb_schema.Brands(BrandID,Name,Email,City,ZIP,State,Street) VALUES (17,'Sibilla Anster','sansterg@liveinternet.ru','Tulsa',74108,'Oklahoma','8 Moulton Trail');
INSERT INTO closeb_schema.Brands(BrandID,Name,Email,City,ZIP,State,Street) VALUES (18,'Nicki D''Souza','ndsouzah@csmonitor.com','Omaha',68105,'Nebraska','5 Melvin Center');
INSERT INTO closeb_schema.Brands(BrandID,Name,Email,City,ZIP,State,Street) VALUES (19,'Luce Bertie','lbertiei@gov.uk','Jacksonville',32215,'Florida','7 Northview Way');
INSERT INTO closeb_schema.Brands(BrandID,Name,Email,City,ZIP,State,Street) VALUES (20,'Judas Richten','jrichtenj@behance.net','Greenville',29615,'South Carolina','41 Jana Drive');
INSERT INTO closeb_schema.Brands(BrandID,Name,Email,City,ZIP,State,Street) VALUES (21,'Cass Albrecht','calbrechtk@columbia.edu','Houston',77035,'Texas','93294 Dakota Circle');
INSERT INTO closeb_schema.Brands(BrandID,Name,Email,City,ZIP,State,Street) VALUES (22,'Kennie Steaning','ksteaningl@jigsy.com','Huntington',25775,'West Virginia','18 Jana Pass');
INSERT INTO closeb_schema.Brands(BrandID,Name,Email,City,ZIP,State,Street) VALUES (23,'Violetta Cuttle','vcuttlem@uiuc.edu','New York City',10115,'New York','7 Farmco Street');
INSERT INTO closeb_schema.Brands(BrandID,Name,Email,City,ZIP,State,Street) VALUES (24,'Reginauld Bromont','rbromontn@hatena.ne.jp','Denver',80217,'Colorado','48383 Coolidge Trail');
INSERT INTO closeb_schema.Brands(BrandID,Name,Email,City,ZIP,State,Street) VALUES (25,'Jean Sindle','jsindleo@bbc.co.uk','Madison',53779,'Wisconsin','44149 Redwing Pass');
INSERT INTO closeb_schema.Brands(BrandID,Name,Email,City,ZIP,State,Street) VALUES (26,'Errick Ozelton','eozeltonp@geocities.com','Pittsburgh',15235,'Pennsylvania','98 Garrison Junction');
INSERT INTO closeb_schema.Brands(BrandID,Name,Email,City,ZIP,State,Street) VALUES (27,'Allison Jefferies','ajefferiesq@pinterest.com','Los Angeles',90030,'California','15 Riverside Crossing');
INSERT INTO closeb_schema.Brands(BrandID,Name,Email,City,ZIP,State,Street) VALUES (28,'Mandel Kemmish','mkemmishr@zimbio.com','Cleveland',44125,'Ohio','0279 Novick Alley');
INSERT INTO closeb_schema.Brands(BrandID,Name,Email,City,ZIP,State,Street) VALUES (29,'Giacopo Larroway','glarroways@yahoo.co.jp','Missoula',59806,'Montana','2 Luster Crossing');
INSERT INTO closeb_schema.Brands(BrandID,Name,Email,City,ZIP,State,Street) VALUES (30,'Rene McConway','rmcconwayt@bing.com','Richmond',23237,'Virginia','86309 Oak Valley Crossing');
INSERT INTO closeb_schema.Brands(BrandID,Name,Email,City,ZIP,State,Street) VALUES (31,'Moria Egan','meganu@hp.com','Charleston',29411,'South Carolina','91095 Kropf Court');
INSERT INTO closeb_schema.Brands(BrandID,Name,Email,City,ZIP,State,Street) VALUES (32,'Yancey Neale','ynealev@aol.com','Fort Worth',76162,'Texas','446 Buhler Hill');
INSERT INTO closeb_schema.Brands(BrandID,Name,Email,City,ZIP,State,Street) VALUES (33,'Anselm Clother','aclotherw@marketwatch.com','Denver',80223,'Colorado','8 Aberg Avenue');
INSERT INTO closeb_schema.Brands(BrandID,Name,Email,City,ZIP,State,Street) VALUES (34,'Fidela Antonoyev','fantonoyevx@devhub.com','Zephyrhills',33543,'Florida','2404 Fordem Parkway');
INSERT INTO closeb_schema.Brands(BrandID,Name,Email,City,ZIP,State,Street) VALUES (35,'Chanda Sharper','csharpery@umich.edu','Orlando',32868,'Florida','866 Wayridge Way');
INSERT INTO closeb_schema.Brands(BrandID,Name,Email,City,ZIP,State,Street) VALUES (36,'Lesly Le Brom','llez@ocn.ne.jp','Terre Haute',47805,'Indiana','56 Pierstorff Junction');
INSERT INTO closeb_schema.Brands(BrandID,Name,Email,City,ZIP,State,Street) VALUES (37,'Nalani Degoey','ndegoey10@deliciousdays.com','Baton Rouge',70820,'Louisiana','99 Loeprich Place');
INSERT INTO closeb_schema.Brands(BrandID,Name,Email,City,ZIP,State,Street) VALUES (38,'Sybila Deme','sdeme11@microsoft.com','San Francisco',94126,'California','5 Artisan Hill');
INSERT INTO closeb_schema.Brands(BrandID,Name,Email,City,ZIP,State,Street) VALUES (39,'Sam Ellery','sellery12@wiley.com','Cleveland',44177,'Ohio','34 Nancy Court');
INSERT INTO closeb_schema.Brands(BrandID,Name,Email,City,ZIP,State,Street) VALUES (40,'Blaine Seger','bseger13@xing.com','Jackson',38308,'Tennessee','17 Oxford Park');
INSERT INTO closeb_schema.Brands(BrandID,Name,Email,City,ZIP,State,Street) VALUES (41,'Lorenza Albertson','lalbertson14@blogs.com','Brooklyn',11205,'New York','225 Spohn Plaza');
INSERT INTO closeb_schema.Brands(BrandID,Name,Email,City,ZIP,State,Street) VALUES (42,'Gracia Cluff','gcluff15@comsenz.com','San Antonio',78225,'Texas','8979 Mcguire Drive');
INSERT INTO closeb_schema.Brands(BrandID,Name,Email,City,ZIP,State,Street) VALUES (43,'Claudetta Ropkins','cropkins16@bloglovin.com','Washington',20575,'District of Columbia','199 Fieldstone Circle');
INSERT INTO closeb_schema.Brands(BrandID,Name,Email,City,ZIP,State,Street) VALUES (44,'Orel Brickett','obrickett17@etsy.com','Durham',27717,'North Carolina','63 Springview Hill');
INSERT INTO closeb_schema.Brands(BrandID,Name,Email,City,ZIP,State,Street) VALUES (45,'Adeline Caldicott','acaldicott18@barnesandnoble.com','Gainesville',32610,'Florida','51010 Kensington Way');
INSERT INTO closeb_schema.Brands(BrandID,Name,Email,City,ZIP,State,Street) VALUES (46,'Lizzy De Haven','lde19@japanpost.jp','Fort Worth',76129,'Texas','958 Burning Wood Avenue');
INSERT INTO closeb_schema.Brands(BrandID,Name,Email,City,ZIP,State,Street) VALUES (47,'Reine Formoy','rformoy1a@bluehost.com','Wichita',67215,'Kansas','40 International Pass');
INSERT INTO closeb_schema.Brands(BrandID,Name,Email,City,ZIP,State,Street) VALUES (48,'Kearney Feria','kferia1b@sakura.ne.jp','Sioux Falls',57188,'South Dakota','39 American Ash Trail');
INSERT INTO closeb_schema.Brands(BrandID,Name,Email,City,ZIP,State,Street) VALUES (49,'Brittney Coult','bcoult1c@blogs.com','Albany',12242,'New York','71373 Jenna Street');
INSERT INTO closeb_schema.Brands(BrandID,Name,Email,City,ZIP,State,Street) VALUES (50,'Sheela Delong','sdelong1d@symantec.com','Louisville',40287,'Kentucky','7669 Vahlen Junction');



-- Categories
INSERT INTO closeb_schema.Categories(Title,Description) VALUES ('Turquoise','Bread - Sour Sticks With Onion');
INSERT INTO closeb_schema.Categories(Title,Description) VALUES ('Aquamarine','Wine - Charddonnay Errazuriz');
INSERT INTO closeb_schema.Categories(Title,Description) VALUES ('Khaki','Red Snapper - Fillet, Skin On');
INSERT INTO closeb_schema.Categories(Title,Description) VALUES ('Fuscia','Plasticspoonblack');
INSERT INTO closeb_schema.Categories(Title,Description) VALUES ('Teal','Cognac - Courvaisier');
INSERT INTO closeb_schema.Categories(Title,Description) VALUES ('Violet','Appetizer - Sausage Rolls');
INSERT INTO closeb_schema.Categories(Title,Description) VALUES ('Pink','Soup - Campbells Beef Strogonoff');
INSERT INTO closeb_schema.Categories(Title,Description) VALUES ('Maroon','Chutney Sauce - Mango');
INSERT INTO closeb_schema.Categories(Title,Description) VALUES ('Yellow','Chicken - Livers');
INSERT INTO closeb_schema.Categories(Title,Description) VALUES ('Teal','Lemonade - Island Tea, 591 Ml');
INSERT INTO closeb_schema.Categories(Title,Description) VALUES ('Khaki','Raspberries - Frozen');
INSERT INTO closeb_schema.Categories(Title,Description) VALUES ('Turquoise','Sausage - Liver');
INSERT INTO closeb_schema.Categories(Title,Description) VALUES ('Green','Lemonade - Kiwi, 591 Ml');
INSERT INTO closeb_schema.Categories(Title,Description) VALUES ('Green','Chips - Doritos');
INSERT INTO closeb_schema.Categories(Title,Description) VALUES ('Red','Pasta - Penne Primavera, Single');
INSERT INTO closeb_schema.Categories(Title,Description) VALUES ('Maroon','Garlic - Peeled');
INSERT INTO closeb_schema.Categories(Title,Description) VALUES ('Violet','Cranberries - Fresh');
INSERT INTO closeb_schema.Categories(Title,Description) VALUES ('Aquamarine','Ginger - Pickled');
INSERT INTO closeb_schema.Categories(Title,Description) VALUES ('Puce','Mushroom - Shitake, Dry');
INSERT INTO closeb_schema.Categories(Title,Description) VALUES ('Turquoise','Beets - Pickled');
INSERT INTO closeb_schema.Categories(Title,Description) VALUES ('Fuscia','Pepper - Green Thai');
INSERT INTO closeb_schema.Categories(Title,Description) VALUES ('Teal','Longos - Grilled Chicken With');
INSERT INTO closeb_schema.Categories(Title,Description) VALUES ('Orange','Cookie Dough - Chocolate Chip');
INSERT INTO closeb_schema.Categories(Title,Description) VALUES ('Pink','Shrimp - Tiger 21/25');
INSERT INTO closeb_schema.Categories(Title,Description) VALUES ('Crimson','Wild Boar - Tenderloin');
INSERT INTO closeb_schema.Categories(Title,Description) VALUES ('Khaki','Soup - French Can Pea');
INSERT INTO closeb_schema.Categories(Title,Description) VALUES ('Khaki','Energy Drink - Franks Pineapple');
INSERT INTO closeb_schema.Categories(Title,Description) VALUES ('Aquamarine','Island Oasis - Ice Cream Mix');
INSERT INTO closeb_schema.Categories(Title,Description) VALUES ('Maroon','Salt - Rock, Course');
INSERT INTO closeb_schema.Categories(Title,Description) VALUES ('Crimson','Pepsi - Diet, 355 Ml');
INSERT INTO closeb_schema.Categories(Title,Description) VALUES ('Turquoise','Maintenance Removal Charge');
INSERT INTO closeb_schema.Categories(Title,Description) VALUES ('Red','Sambuca - Ramazzotti');
INSERT INTO closeb_schema.Categories(Title,Description) VALUES ('Khaki','Soda Water - Club Soda, 355 Ml');
INSERT INTO closeb_schema.Categories(Title,Description) VALUES ('Yellow','Cheese - Bakers Cream Cheese');
INSERT INTO closeb_schema.Categories(Title,Description) VALUES ('Teal','Coffee - French Vanilla Frothy');
INSERT INTO closeb_schema.Categories(Title,Description) VALUES ('Mauv','Cheese - Goat With Herbs');
INSERT INTO closeb_schema.Categories(Title,Description) VALUES ('Crimson','Vinegar - Sherry');
INSERT INTO closeb_schema.Categories(Title,Description) VALUES ('Orange','Wine - Guy Sage Touraine');
INSERT INTO closeb_schema.Categories(Title,Description) VALUES ('Goldenrod','Lemons');
INSERT INTO closeb_schema.Categories(Title,Description) VALUES ('Crimson','Oil - Macadamia');
INSERT INTO closeb_schema.Categories(Title,Description) VALUES ('Green','Bread - Bagels, Mini');
INSERT INTO closeb_schema.Categories(Title,Description) VALUES ('Crimson','Pork - Loin, Center Cut');
INSERT INTO closeb_schema.Categories(Title,Description) VALUES ('Red','Pastrami');
INSERT INTO closeb_schema.Categories(Title,Description) VALUES ('Fuscia','Banana');
INSERT INTO closeb_schema.Categories(Title,Description) VALUES ('Mauv','Beef - Tenderlion, Center Cut');
INSERT INTO closeb_schema.Categories(Title,Description) VALUES ('Mauv','Steel Wool');
INSERT INTO closeb_schema.Categories(Title,Description) VALUES ('Fuscia','Tomatoes - Yellow Hot House');
INSERT INTO closeb_schema.Categories(Title,Description) VALUES ('Red','Bread - Pita, Mini');
INSERT INTO closeb_schema.Categories(Title,Description) VALUES ('Pink','Nestea - Ice Tea, Diet');
INSERT INTO closeb_schema.Categories(Title,Description) VALUES ('Fuscia','Flower - Daisies');


-- Products
INSERT INTO closeb_schema.Products(Name,Description,ProductID,Price,BrandID,Category_Title) VALUES ('Potatoes - Yukon Gold, 80 Ct','didactic',1,11,39,'Crimson');
INSERT INTO closeb_schema.Products(Name,Description,ProductID,Price,BrandID,Category_Title) VALUES ('Wine - Conde De Valdemar','explicit',2,32,50,'Maroon');
INSERT INTO closeb_schema.Products(Name,Description,ProductID,Price,BrandID,Category_Title) VALUES ('Cheese - Mix','impactful',3,16,29,'Khaki');
INSERT INTO closeb_schema.Products(Name,Description,ProductID,Price,BrandID,Category_Title) VALUES ('Crackers Cheez It','Vision-oriented',4,19,22,'Crimson');
INSERT INTO closeb_schema.Products(Name,Description,ProductID,Price,BrandID,Category_Title) VALUES ('Bread - Petit Baguette','function',5,77,19,'Mauv');
INSERT INTO closeb_schema.Products(Name,Description,ProductID,Price,BrandID,Category_Title) VALUES ('Butter Sweet','parallelism',6,5,1,'Crimson');
INSERT INTO closeb_schema.Products(Name,Description,ProductID,Price,BrandID,Category_Title) VALUES ('Fenngreek Seed','architecture',7,84,10,'Fuscia');
INSERT INTO closeb_schema.Products(Name,Description,ProductID,Price,BrandID,Category_Title) VALUES ('Steamers White','paradigm',8,31,37,'Crimson');
INSERT INTO closeb_schema.Products(Name,Description,ProductID,Price,BrandID,Category_Title) VALUES ('Corn Meal','model',9,97,14,'Orange');
INSERT INTO closeb_schema.Products(Name,Description,ProductID,Price,BrandID,Category_Title) VALUES ('Wine - Chablis 2003 Champs','optimizing',10,39,18,'Fuscia');
INSERT INTO closeb_schema.Products(Name,Description,ProductID,Price,BrandID,Category_Title) VALUES ('Coffee Swiss Choc Almond','initiative',11,54,6,'Maroon');
INSERT INTO closeb_schema.Products(Name,Description,ProductID,Price,BrandID,Category_Title) VALUES ('Appetizer - Shrimp Puff','Managed',12,100,4,'Maroon');
INSERT INTO closeb_schema.Products(Name,Description,ProductID,Price,BrandID,Category_Title) VALUES ('Pears - Anjou','Polarised',13,10,35,'Khaki');
INSERT INTO closeb_schema.Products(Name,Description,ProductID,Price,BrandID,Category_Title) VALUES ('Wine - Red, Cooking','product',14,54,15,'Green');
INSERT INTO closeb_schema.Products(Name,Description,ProductID,Price,BrandID,Category_Title) VALUES ('Glass - Wine, Plastic, Clear 5 Oz','Triple-buffered',15,69,27,'Maroon');
INSERT INTO closeb_schema.Products(Name,Description,ProductID,Price,BrandID,Category_Title) VALUES ('Appetizer - Crab And Brie','Multi-channelled',16,61,42,'Aquamarine');
INSERT INTO closeb_schema.Products(Name,Description,ProductID,Price,BrandID,Category_Title) VALUES ('Smoked Tongue','responsive',17,28,38,'Violet');
INSERT INTO closeb_schema.Products(Name,Description,ProductID,Price,BrandID,Category_Title) VALUES ('Soup V8 Roasted Red Pepper','standardization',18,100,9,'Pink');
INSERT INTO closeb_schema.Products(Name,Description,ProductID,Price,BrandID,Category_Title) VALUES ('Wine - Acient Coast Caberne','even-keeled',19,63,22,'Fuscia');
INSERT INTO closeb_schema.Products(Name,Description,ProductID,Price,BrandID,Category_Title) VALUES ('Prunes - Pitted','fresh-thinking',20,82,31,'Khaki');
INSERT INTO closeb_schema.Products(Name,Description,ProductID,Price,BrandID,Category_Title) VALUES ('Eggplant Oriental','Inverse',21,46,6,'Fuscia');
INSERT INTO closeb_schema.Products(Name,Description,ProductID,Price,BrandID,Category_Title) VALUES ('Cheese - Pied De Vents','dynamic',22,37,14,'Yellow');
INSERT INTO closeb_schema.Products(Name,Description,ProductID,Price,BrandID,Category_Title) VALUES ('Flavouring - Raspberry','structure',23,4,13,'Crimson');
INSERT INTO closeb_schema.Products(Name,Description,ProductID,Price,BrandID,Category_Title) VALUES ('Basil - Thai','Innovative',24,53,46,'Pink');
INSERT INTO closeb_schema.Products(Name,Description,ProductID,Price,BrandID,Category_Title) VALUES ('Evaporated Milk - Skim','standardization',25,50,23,'Teal');
INSERT INTO closeb_schema.Products(Name,Description,ProductID,Price,BrandID,Category_Title) VALUES ('Ice Cream Bar - Hageen Daz To','systemic',26,96,27,'Green');
INSERT INTO closeb_schema.Products(Name,Description,ProductID,Price,BrandID,Category_Title) VALUES ('Potatoes - Purple, Organic','uniform',27,38,32,'Khaki');
INSERT INTO closeb_schema.Products(Name,Description,ProductID,Price,BrandID,Category_Title) VALUES ('Beef - Tongue, Cooked','adapter',28,98,36,'Aquamarine');
INSERT INTO closeb_schema.Products(Name,Description,ProductID,Price,BrandID,Category_Title) VALUES ('Vermacelli - Sprinkles, Assorted','local area network',29,85,30,'Orange');
INSERT INTO closeb_schema.Products(Name,Description,ProductID,Price,BrandID,Category_Title) VALUES ('Brandy - Bar','disintermediate',30,82,32,'Fuscia');
INSERT INTO closeb_schema.Products(Name,Description,ProductID,Price,BrandID,Category_Title) VALUES ('Island Oasis - Ice Cream Mix','alliance',31,45,6,'Violet');
INSERT INTO closeb_schema.Products(Name,Description,ProductID,Price,BrandID,Category_Title) VALUES ('Curry Paste - Madras','Focused',32,72,28,'Teal');
INSERT INTO closeb_schema.Products(Name,Description,ProductID,Price,BrandID,Category_Title) VALUES ('Apple - Royal Gala','Graphical User Interface',33,34,29,'Fuscia');
INSERT INTO closeb_schema.Products(Name,Description,ProductID,Price,BrandID,Category_Title) VALUES ('Swordfish Loin Portions','pricing structure',34,74,23,'Fuscia');
INSERT INTO closeb_schema.Products(Name,Description,ProductID,Price,BrandID,Category_Title) VALUES ('Cheese - Brie, Cups 125g','3rd generation',35,87,24,'Khaki');
INSERT INTO closeb_schema.Products(Name,Description,ProductID,Price,BrandID,Category_Title) VALUES ('Bread - Sticks, Thin, Plain','radical',36,6,47,'Fuscia');
INSERT INTO closeb_schema.Products(Name,Description,ProductID,Price,BrandID,Category_Title) VALUES ('Beer - Molson Excel','multi-tasking',37,61,16,'Fuscia');
INSERT INTO closeb_schema.Products(Name,Description,ProductID,Price,BrandID,Category_Title) VALUES ('Myers Planters Punch','Versatile',38,51,49,'Yellow');
INSERT INTO closeb_schema.Products(Name,Description,ProductID,Price,BrandID,Category_Title) VALUES ('Creme De Cacao Mcguines','directional',39,7,14,'Red');
INSERT INTO closeb_schema.Products(Name,Description,ProductID,Price,BrandID,Category_Title) VALUES ('Chestnuts - Whole,canned','neural-net',40,26,19,'Khaki');
INSERT INTO closeb_schema.Products(Name,Description,ProductID,Price,BrandID,Category_Title) VALUES ('Mikes Hard Lemonade','capability',41,61,3,'Maroon');
INSERT INTO closeb_schema.Products(Name,Description,ProductID,Price,BrandID,Category_Title) VALUES ('Bagels Poppyseed','upward-trending',42,97,4,'Orange');
INSERT INTO closeb_schema.Products(Name,Description,ProductID,Price,BrandID,Category_Title) VALUES ('Pepper - Roasted Red','Integrated',43,73,50,'Crimson');
INSERT INTO closeb_schema.Products(Name,Description,ProductID,Price,BrandID,Category_Title) VALUES ('Pop - Club Soda Can','Proactive',44,65,48,'Mauv');
INSERT INTO closeb_schema.Products(Name,Description,ProductID,Price,BrandID,Category_Title) VALUES ('Pasta - Canelloni','Synergistic',45,98,22,'Turquoise');
INSERT INTO closeb_schema.Products(Name,Description,ProductID,Price,BrandID,Category_Title) VALUES ('Extract - Rum','modular',46,82,30,'Orange');
INSERT INTO closeb_schema.Products(Name,Description,ProductID,Price,BrandID,Category_Title) VALUES ('Chocolate - Sugar Free Semi Choc','grid-enabled',47,41,26,'Fuscia');
INSERT INTO closeb_schema.Products(Name,Description,ProductID,Price,BrandID,Category_Title) VALUES ('Cranberries - Dry','human-resource',48,38,34,'Crimson');
INSERT INTO closeb_schema.Products(Name,Description,ProductID,Price,BrandID,Category_Title) VALUES ('Bread - Rolls, Corn','zero administration',49,94,47,'Fuscia');
INSERT INTO closeb_schema.Products(Name,Description,ProductID,Price,BrandID,Category_Title) VALUES ('Lamb - Pieces, Diced','data-warehouse',50,38,32,'Mauv');
INSERT INTO closeb_schema.Products(Name,Description,ProductID,Price,BrandID,Category_Title) VALUES ('Spring Roll Veg Mini','projection',51,49,12,'Maroon');
INSERT INTO closeb_schema.Products(Name,Description,ProductID,Price,BrandID,Category_Title) VALUES ('Pasta - Fusili Tri - Coloured','utilisation',52,24,13,'Puce');
INSERT INTO closeb_schema.Products(Name,Description,ProductID,Price,BrandID,Category_Title) VALUES ('Juice - Lemon','intangible',53,77,7,'Pink');
INSERT INTO closeb_schema.Products(Name,Description,ProductID,Price,BrandID,Category_Title) VALUES ('Ecolab - Mikroklene 4/4 L','client-driven',54,28,45,'Yellow');
INSERT INTO closeb_schema.Products(Name,Description,ProductID,Price,BrandID,Category_Title) VALUES ('Wine - Vouvray Cuvee Domaine','responsive',55,98,36,'Aquamarine');
INSERT INTO closeb_schema.Products(Name,Description,ProductID,Price,BrandID,Category_Title) VALUES ('Mahi Mahi','Team-oriented',56,100,41,'Violet');
INSERT INTO closeb_schema.Products(Name,Description,ProductID,Price,BrandID,Category_Title) VALUES ('Flower - Potmums','functionalities',57,83,41,'Maroon');
INSERT INTO closeb_schema.Products(Name,Description,ProductID,Price,BrandID,Category_Title) VALUES ('Peppercorns - Green','Fundamental',58,84,7,'Red');
INSERT INTO closeb_schema.Products(Name,Description,ProductID,Price,BrandID,Category_Title) VALUES ('Meldea Green Tea Liquor','Multi-tiered',59,96,13,'Fuscia');
INSERT INTO closeb_schema.Products(Name,Description,ProductID,Price,BrandID,Category_Title) VALUES ('Lamb - Rack','moderator',60,70,9,'Crimson');
INSERT INTO closeb_schema.Products(Name,Description,ProductID,Price,BrandID,Category_Title) VALUES ('Lamb - Shanks','capability',61,71,44,'Aquamarine');
INSERT INTO closeb_schema.Products(Name,Description,ProductID,Price,BrandID,Category_Title) VALUES ('Beer - Labatt Blue','toolset',62,100,4,'Turquoise');
INSERT INTO closeb_schema.Products(Name,Description,ProductID,Price,BrandID,Category_Title) VALUES ('Bread - Pita, Mini','service-desk',63,79,34,'Maroon');
INSERT INTO closeb_schema.Products(Name,Description,ProductID,Price,BrandID,Category_Title) VALUES ('Cheese - Oka','Progressive',64,53,38,'Fuscia');
INSERT INTO closeb_schema.Products(Name,Description,ProductID,Price,BrandID,Category_Title) VALUES ('Nougat - Paste / Cream','intangible',65,45,39,'Yellow');
INSERT INTO closeb_schema.Products(Name,Description,ProductID,Price,BrandID,Category_Title) VALUES ('Soup - Chicken And Wild Rice','Customizable',66,24,20,'Green');
INSERT INTO closeb_schema.Products(Name,Description,ProductID,Price,BrandID,Category_Title) VALUES ('Chips - Miss Vickies','leading edge',67,2,33,'Green');
INSERT INTO closeb_schema.Products(Name,Description,ProductID,Price,BrandID,Category_Title) VALUES ('Vector Energy Bar','object-oriented',68,9,6,'Crimson');
INSERT INTO closeb_schema.Products(Name,Description,ProductID,Price,BrandID,Category_Title) VALUES ('Salmon Steak - Cohoe 8 Oz','project',69,47,27,'Khaki');
INSERT INTO closeb_schema.Products(Name,Description,ProductID,Price,BrandID,Category_Title) VALUES ('Carbonated Water - Wildberry','task-force',70,4,17,'Crimson');
INSERT INTO closeb_schema.Products(Name,Description,ProductID,Price,BrandID,Category_Title) VALUES ('Wine - Trimbach Pinot Blanc','Customizable',71,96,4,'Orange');
INSERT INTO closeb_schema.Products(Name,Description,ProductID,Price,BrandID,Category_Title) VALUES ('Oyster - In Shell','hardware',72,34,27,'Red');
INSERT INTO closeb_schema.Products(Name,Description,ProductID,Price,BrandID,Category_Title) VALUES ('Pasta - Tortellini, Fresh','time-frame',73,24,26,'Crimson');
INSERT INTO closeb_schema.Products(Name,Description,ProductID,Price,BrandID,Category_Title) VALUES ('Wheat - Soft Kernal Of Wheat','paradigm',74,80,30,'Aquamarine');
INSERT INTO closeb_schema.Products(Name,Description,ProductID,Price,BrandID,Category_Title) VALUES ('Apricots - Halves','multi-tasking',75,74,17,'Pink');
INSERT INTO closeb_schema.Products(Name,Description,ProductID,Price,BrandID,Category_Title) VALUES ('Soupfoamcont12oz 112con','Optimized',76,58,46,'Khaki');
INSERT INTO closeb_schema.Products(Name,Description,ProductID,Price,BrandID,Category_Title) VALUES ('Sauce - Plum','Realigned',77,79,23,'Violet');
INSERT INTO closeb_schema.Products(Name,Description,ProductID,Price,BrandID,Category_Title) VALUES ('Tuna - Fresh','Ameliorated',78,91,41,'Red');
INSERT INTO closeb_schema.Products(Name,Description,ProductID,Price,BrandID,Category_Title) VALUES ('Gooseberry','mission-critical',79,62,17,'Red');
INSERT INTO closeb_schema.Products(Name,Description,ProductID,Price,BrandID,Category_Title) VALUES ('Chocolate - Unsweetened','Expanded',80,3,18,'Turquoise');
INSERT INTO closeb_schema.Products(Name,Description,ProductID,Price,BrandID,Category_Title) VALUES ('Appetizer - Chicken Satay','portal',81,100,28,'Mauv');
INSERT INTO closeb_schema.Products(Name,Description,ProductID,Price,BrandID,Category_Title) VALUES ('Sauce - Soya, Light','Monitored',82,30,50,'Yellow');
INSERT INTO closeb_schema.Products(Name,Description,ProductID,Price,BrandID,Category_Title) VALUES ('Shopper Bag - S - 4','application',83,6,11,'Fuscia');
INSERT INTO closeb_schema.Products(Name,Description,ProductID,Price,BrandID,Category_Title) VALUES ('Artichoke - Bottom, Canned','system-worthy',84,14,21,'Turquoise');
INSERT INTO closeb_schema.Products(Name,Description,ProductID,Price,BrandID,Category_Title) VALUES ('Fish - Bones','Open-source',85,91,3,'Crimson');
INSERT INTO closeb_schema.Products(Name,Description,ProductID,Price,BrandID,Category_Title) VALUES ('Plastic Wrap','Multi-lateral',86,49,1,'Aquamarine');
INSERT INTO closeb_schema.Products(Name,Description,ProductID,Price,BrandID,Category_Title) VALUES ('Pepper - White, Whole','Expanded',87,55,32,'Maroon');
INSERT INTO closeb_schema.Products(Name,Description,ProductID,Price,BrandID,Category_Title) VALUES ('Pie Box - Cello Window 2.5','executive',88,75,42,'Turquoise');
INSERT INTO closeb_schema.Products(Name,Description,ProductID,Price,BrandID,Category_Title) VALUES ('Marjoram - Dried, Rubbed','Upgradable',89,17,27,'Turquoise');
INSERT INTO closeb_schema.Products(Name,Description,ProductID,Price,BrandID,Category_Title) VALUES ('Sauerkraut','toolset',90,39,44,'Orange');
INSERT INTO closeb_schema.Products(Name,Description,ProductID,Price,BrandID,Category_Title) VALUES ('Beans - Turtle, Black, Dry','Graphical User Interface',91,96,8,'Mauv');
INSERT INTO closeb_schema.Products(Name,Description,ProductID,Price,BrandID,Category_Title) VALUES ('Wine - Soave Folonari','Diverse',92,49,44,'Crimson');
INSERT INTO closeb_schema.Products(Name,Description,ProductID,Price,BrandID,Category_Title) VALUES ('Island Oasis - Wildberry','access',93,7,41,'Mauv');
INSERT INTO closeb_schema.Products(Name,Description,ProductID,Price,BrandID,Category_Title) VALUES ('Milk 2% 500 Ml','disintermediate',94,3,38,'Fuscia');
INSERT INTO closeb_schema.Products(Name,Description,ProductID,Price,BrandID,Category_Title) VALUES ('Cognac - Courvaisier','Profit-focused',95,69,24,'Maroon');
INSERT INTO closeb_schema.Products(Name,Description,ProductID,Price,BrandID,Category_Title) VALUES ('Hersey Shakes','Organized',96,86,46,'Teal');
INSERT INTO closeb_schema.Products(Name,Description,ProductID,Price,BrandID,Category_Title) VALUES ('Bacardi Breezer - Strawberry','Polarised',97,21,48,'Crimson');
INSERT INTO closeb_schema.Products(Name,Description,ProductID,Price,BrandID,Category_Title) VALUES ('Tart - Pecan Butter Squares','next generation',98,65,47,'Turquoise');
INSERT INTO closeb_schema.Products(Name,Description,ProductID,Price,BrandID,Category_Title) VALUES ('Crush - Cream Soda','Seamless',99,6,46,'Teal');
INSERT INTO closeb_schema.Products(Name,Description,ProductID,Price,BrandID,Category_Title) VALUES ('Garbage Bags - Clear','national',100,65,50,'Green');
INSERT INTO closeb_schema.Products(Name,Description,ProductID,Price,BrandID,Category_Title) VALUES ('Cheese - Marble','Balanced',101,69,12,'Violet');
INSERT INTO closeb_schema.Products(Name,Description,ProductID,Price,BrandID,Category_Title) VALUES ('Rice - 7 Grain Blend','neural-net',102,72,42,'Khaki');
INSERT INTO closeb_schema.Products(Name,Description,ProductID,Price,BrandID,Category_Title) VALUES ('Parsley - Dried','Inverse',103,73,45,'Red');
INSERT INTO closeb_schema.Products(Name,Description,ProductID,Price,BrandID,Category_Title) VALUES ('Bread - Multigrain Oval','help-desk',104,41,13,'Fuscia');
INSERT INTO closeb_schema.Products(Name,Description,ProductID,Price,BrandID,Category_Title) VALUES ('Wine - Chianti Classico Riserva','database',105,97,16,'Maroon');
INSERT INTO closeb_schema.Products(Name,Description,ProductID,Price,BrandID,Category_Title) VALUES ('Alize Gold Passion','analyzer',106,38,1,'Red');
INSERT INTO closeb_schema.Products(Name,Description,ProductID,Price,BrandID,Category_Title) VALUES ('Chicken - Tenderloin','Cross-platform',107,4,7,'Fuscia');
INSERT INTO closeb_schema.Products(Name,Description,ProductID,Price,BrandID,Category_Title) VALUES ('Oranges','Future-proofed',108,52,49,'Khaki');
INSERT INTO closeb_schema.Products(Name,Description,ProductID,Price,BrandID,Category_Title) VALUES ('Bread - Pita','Vision-oriented',109,61,27,'Fuscia');
INSERT INTO closeb_schema.Products(Name,Description,ProductID,Price,BrandID,Category_Title) VALUES ('Wine - Manischewitz Concord','open architecture',110,96,16,'Violet');
INSERT INTO closeb_schema.Products(Name,Description,ProductID,Price,BrandID,Category_Title) VALUES ('Sauce - Marinara','synergy',111,54,18,'Khaki');
INSERT INTO closeb_schema.Products(Name,Description,ProductID,Price,BrandID,Category_Title) VALUES ('Beer - True North Strong Ale','asynchronous',112,95,40,'Teal');
INSERT INTO closeb_schema.Products(Name,Description,ProductID,Price,BrandID,Category_Title) VALUES ('Lettuce - Iceberg','challenge',113,32,40,'Crimson');
INSERT INTO closeb_schema.Products(Name,Description,ProductID,Price,BrandID,Category_Title) VALUES ('Ginger - Pickled','Intuitive',114,3,47,'Turquoise');
INSERT INTO closeb_schema.Products(Name,Description,ProductID,Price,BrandID,Category_Title) VALUES ('Tuna - Bluefin','orchestration',115,14,30,'Red');
INSERT INTO closeb_schema.Products(Name,Description,ProductID,Price,BrandID,Category_Title) VALUES ('Plasticforkblack','Multi-layered',116,42,5,'Crimson');
INSERT INTO closeb_schema.Products(Name,Description,ProductID,Price,BrandID,Category_Title) VALUES ('Apple - Macintosh','leading edge',117,9,8,'Teal');
INSERT INTO closeb_schema.Products(Name,Description,ProductID,Price,BrandID,Category_Title) VALUES ('Sauce - Cranberry','Progressive',118,18,32,'Fuscia');
INSERT INTO closeb_schema.Products(Name,Description,ProductID,Price,BrandID,Category_Title) VALUES ('Mint - Fresh','adapter',119,69,11,'Green');
INSERT INTO closeb_schema.Products(Name,Description,ProductID,Price,BrandID,Category_Title) VALUES ('Crab - Soft Shell','explicit',120,25,9,'Crimson');
INSERT INTO closeb_schema.Products(Name,Description,ProductID,Price,BrandID,Category_Title) VALUES ('Ketchup - Tomato','intangible',121,85,29,'Fuscia');
INSERT INTO closeb_schema.Products(Name,Description,ProductID,Price,BrandID,Category_Title) VALUES ('Kellogs Cereal In A Cup','De-engineered',122,34,13,'Khaki');
INSERT INTO closeb_schema.Products(Name,Description,ProductID,Price,BrandID,Category_Title) VALUES ('Rum - Cream, Amarula','Multi-layered',123,88,22,'Khaki');
INSERT INTO closeb_schema.Products(Name,Description,ProductID,Price,BrandID,Category_Title) VALUES ('Cheese - St. Paulin','global',124,41,11,'Teal');
INSERT INTO closeb_schema.Products(Name,Description,ProductID,Price,BrandID,Category_Title) VALUES ('Octopus - Baby, Cleaned','knowledge user',125,93,26,'Fuscia');
INSERT INTO closeb_schema.Products(Name,Description,ProductID,Price,BrandID,Category_Title) VALUES ('Beef - Eye Of Round','Fully-configurable',126,39,17,'Red');
INSERT INTO closeb_schema.Products(Name,Description,ProductID,Price,BrandID,Category_Title) VALUES ('Corn Meal','function',127,35,28,'Teal');
INSERT INTO closeb_schema.Products(Name,Description,ProductID,Price,BrandID,Category_Title) VALUES ('Sugar - Brown, Individual','data-warehouse',128,71,1,'Teal');
INSERT INTO closeb_schema.Products(Name,Description,ProductID,Price,BrandID,Category_Title) VALUES ('Tomatoes - Heirloom','interactive',129,3,38,'Turquoise');
INSERT INTO closeb_schema.Products(Name,Description,ProductID,Price,BrandID,Category_Title) VALUES ('Parsnip','infrastructure',130,90,36,'Pink');
INSERT INTO closeb_schema.Products(Name,Description,ProductID,Price,BrandID,Category_Title) VALUES ('Beef - Top Butt Aaa','knowledge base',131,10,35,'Red');
INSERT INTO closeb_schema.Products(Name,Description,ProductID,Price,BrandID,Category_Title) VALUES ('Croissant, Raw - Mini','Front-line',132,52,7,'Khaki');
INSERT INTO closeb_schema.Products(Name,Description,ProductID,Price,BrandID,Category_Title) VALUES ('Chocolate - Semi Sweet, Calets','matrix',133,54,17,'Turquoise');
INSERT INTO closeb_schema.Products(Name,Description,ProductID,Price,BrandID,Category_Title) VALUES ('Longos - Burritos','protocol',134,91,45,'Teal');
INSERT INTO closeb_schema.Products(Name,Description,ProductID,Price,BrandID,Category_Title) VALUES ('Cheese - Shred Cheddar / Mozza','Profound',135,91,4,'Khaki');
INSERT INTO closeb_schema.Products(Name,Description,ProductID,Price,BrandID,Category_Title) VALUES ('Cake - French Pear Tart','upward-trending',136,24,5,'Goldenrod');
INSERT INTO closeb_schema.Products(Name,Description,ProductID,Price,BrandID,Category_Title) VALUES ('Rum - Dark, Bacardi, Black','zero administration',137,34,9,'Turquoise');
INSERT INTO closeb_schema.Products(Name,Description,ProductID,Price,BrandID,Category_Title) VALUES ('Soup - Campbells Chicken','next generation',138,89,36,'Fuscia');
INSERT INTO closeb_schema.Products(Name,Description,ProductID,Price,BrandID,Category_Title) VALUES ('Sansho Powder','application',139,36,7,'Turquoise');
INSERT INTO closeb_schema.Products(Name,Description,ProductID,Price,BrandID,Category_Title) VALUES ('Goat - Leg','knowledge base',140,89,33,'Crimson');
INSERT INTO closeb_schema.Products(Name,Description,ProductID,Price,BrandID,Category_Title) VALUES ('Sauce - Bernaise, Mix','global',141,78,32,'Orange');
INSERT INTO closeb_schema.Products(Name,Description,ProductID,Price,BrandID,Category_Title) VALUES ('Pepper - Pablano','matrix',142,28,19,'Crimson');
INSERT INTO closeb_schema.Products(Name,Description,ProductID,Price,BrandID,Category_Title) VALUES ('Carbonated Water - Strawberry','leverage',143,24,42,'Green');
INSERT INTO closeb_schema.Products(Name,Description,ProductID,Price,BrandID,Category_Title) VALUES ('Sauce - Rosee','help-desk',144,98,13,'Crimson');
INSERT INTO closeb_schema.Products(Name,Description,ProductID,Price,BrandID,Category_Title) VALUES ('Shrimp - 16/20, Peeled Deviened','encoding',145,30,15,'Teal');
INSERT INTO closeb_schema.Products(Name,Description,ProductID,Price,BrandID,Category_Title) VALUES ('Lamb - Shanks','bi-directional',146,10,40,'Mauv');
INSERT INTO closeb_schema.Products(Name,Description,ProductID,Price,BrandID,Category_Title) VALUES ('Pear - Asian','web-enabled',147,6,30,'Red');
INSERT INTO closeb_schema.Products(Name,Description,ProductID,Price,BrandID,Category_Title) VALUES ('Instant Coffee','Proactive',148,14,24,'Khaki');
INSERT INTO closeb_schema.Products(Name,Description,ProductID,Price,BrandID,Category_Title) VALUES ('Rum - White, Gg White','full-range',149,55,17,'Red');
INSERT INTO closeb_schema.Products(Name,Description,ProductID,Price,BrandID,Category_Title) VALUES ('Garbage Bags - Clear','productivity',150,52,47,'Violet');



-- Variants
INSERT INTO closeb_schema.Variants(ProductID,color,size,stock) VALUES (120,'Aquamarine','S',1);
INSERT INTO closeb_schema.Variants(ProductID,color,size,stock) VALUES (91,'Red','L',94);
INSERT INTO closeb_schema.Variants(ProductID,color,size,stock) VALUES (27,'Violet','2XL',7);
INSERT INTO closeb_schema.Variants(ProductID,color,size,stock) VALUES (122,'Green','L',36);
INSERT INTO closeb_schema.Variants(ProductID,color,size,stock) VALUES (144,'Red','S',20);
INSERT INTO closeb_schema.Variants(ProductID,color,size,stock) VALUES (125,'Aquamarine','L',100);
INSERT INTO closeb_schema.Variants(ProductID,color,size,stock) VALUES (129,'Teal','3XL',80);
INSERT INTO closeb_schema.Variants(ProductID,color,size,stock) VALUES (75,'Indigo','XS',98);
INSERT INTO closeb_schema.Variants(ProductID,color,size,stock) VALUES (14,'Khaki','2XL',49);
INSERT INTO closeb_schema.Variants(ProductID,color,size,stock) VALUES (115,'Green','M',20);
INSERT INTO closeb_schema.Variants(ProductID,color,size,stock) VALUES (51,'Fuscia','XS',15);
INSERT INTO closeb_schema.Variants(ProductID,color,size,stock) VALUES (3,'Fuscia','S',74);
INSERT INTO closeb_schema.Variants(ProductID,color,size,stock) VALUES (95,'Puce','S',25);
INSERT INTO closeb_schema.Variants(ProductID,color,size,stock) VALUES (49,'Yellow','3XL',85);
INSERT INTO closeb_schema.Variants(ProductID,color,size,stock) VALUES (137,'Red','L',31);
INSERT INTO closeb_schema.Variants(ProductID,color,size,stock) VALUES (148,'Pink','2XL',93);
INSERT INTO closeb_schema.Variants(ProductID,color,size,stock) VALUES (35,'Purple','L',3);
INSERT INTO closeb_schema.Variants(ProductID,color,size,stock) VALUES (29,'Red','XS',49);
INSERT INTO closeb_schema.Variants(ProductID,color,size,stock) VALUES (129,'Turquoise','M',100);
INSERT INTO closeb_schema.Variants(ProductID,color,size,stock) VALUES (19,'Crimson','L',88);
INSERT INTO closeb_schema.Variants(ProductID,color,size,stock) VALUES (28,'Yellow','XL',75);
INSERT INTO closeb_schema.Variants(ProductID,color,size,stock) VALUES (137,'Mauv','L',16);
INSERT INTO closeb_schema.Variants(ProductID,color,size,stock) VALUES (85,'Purple','XL',49);
INSERT INTO closeb_schema.Variants(ProductID,color,size,stock) VALUES (13,'Mauv','2XL',77);
INSERT INTO closeb_schema.Variants(ProductID,color,size,stock) VALUES (97,'Violet','S',21);
INSERT INTO closeb_schema.Variants(ProductID,color,size,stock) VALUES (101,'Purple','S',28);
INSERT INTO closeb_schema.Variants(ProductID,color,size,stock) VALUES (26,'Violet','L',51);
INSERT INTO closeb_schema.Variants(ProductID,color,size,stock) VALUES (84,'Crimson','XL',50);
INSERT INTO closeb_schema.Variants(ProductID,color,size,stock) VALUES (122,'Goldenrod','XS',9);
INSERT INTO closeb_schema.Variants(ProductID,color,size,stock) VALUES (27,'Orange','XL',69);
INSERT INTO closeb_schema.Variants(ProductID,color,size,stock) VALUES (112,'Turquoise','L',11);
INSERT INTO closeb_schema.Variants(ProductID,color,size,stock) VALUES (149,'Blue','3XL',70);
INSERT INTO closeb_schema.Variants(ProductID,color,size,stock) VALUES (55,'Fuscia','XL',74);
INSERT INTO closeb_schema.Variants(ProductID,color,size,stock) VALUES (62,'Puce','XS',38);
INSERT INTO closeb_schema.Variants(ProductID,color,size,stock) VALUES (110,'Khaki','S',30);
INSERT INTO closeb_schema.Variants(ProductID,color,size,stock) VALUES (43,'Turquoise','M',84);
INSERT INTO closeb_schema.Variants(ProductID,color,size,stock) VALUES (14,'Red','XS',41);
INSERT INTO closeb_schema.Variants(ProductID,color,size,stock) VALUES (144,'Teal','3XL',32);
INSERT INTO closeb_schema.Variants(ProductID,color,size,stock) VALUES (116,'Mauv','3XL',49);
INSERT INTO closeb_schema.Variants(ProductID,color,size,stock) VALUES (81,'Purple','3XL',66);
INSERT INTO closeb_schema.Variants(ProductID,color,size,stock) VALUES (58,'Mauv','3XL',53);
INSERT INTO closeb_schema.Variants(ProductID,color,size,stock) VALUES (50,'Khaki','XS',82);
INSERT INTO closeb_schema.Variants(ProductID,color,size,stock) VALUES (20,'Green','M',29);
INSERT INTO closeb_schema.Variants(ProductID,color,size,stock) VALUES (86,'Khaki','S',41);
INSERT INTO closeb_schema.Variants(ProductID,color,size,stock) VALUES (77,'Aquamarine','2XL',4);
INSERT INTO closeb_schema.Variants(ProductID,color,size,stock) VALUES (83,'Puce','XL',1);
INSERT INTO closeb_schema.Variants(ProductID,color,size,stock) VALUES (42,'Fuscia','3XL',18);
INSERT INTO closeb_schema.Variants(ProductID,color,size,stock) VALUES (62,'Mauv','3XL',44);
INSERT INTO closeb_schema.Variants(ProductID,color,size,stock) VALUES (18,'Aquamarine','2XL',97);
INSERT INTO closeb_schema.Variants(ProductID,color,size,stock) VALUES (44,'Mauv','2XL',19);
INSERT INTO closeb_schema.Variants(ProductID,color,size,stock) VALUES (139,'Pink','L',22);
INSERT INTO closeb_schema.Variants(ProductID,color,size,stock) VALUES (131,'Fuscia','M',39);
INSERT INTO closeb_schema.Variants(ProductID,color,size,stock) VALUES (20,'Purple','XL',73);
INSERT INTO closeb_schema.Variants(ProductID,color,size,stock) VALUES (19,'Orange','S',96);
INSERT INTO closeb_schema.Variants(ProductID,color,size,stock) VALUES (127,'Aquamarine','M',69);
INSERT INTO closeb_schema.Variants(ProductID,color,size,stock) VALUES (109,'Blue','XS',50);
INSERT INTO closeb_schema.Variants(ProductID,color,size,stock) VALUES (118,'Indigo','L',85);
INSERT INTO closeb_schema.Variants(ProductID,color,size,stock) VALUES (61,'Puce','M',37);
INSERT INTO closeb_schema.Variants(ProductID,color,size,stock) VALUES (115,'Yellow','S',69);
INSERT INTO closeb_schema.Variants(ProductID,color,size,stock) VALUES (55,'Puce','M',55);
INSERT INTO closeb_schema.Variants(ProductID,color,size,stock) VALUES (57,'Blue','XS',19);
INSERT INTO closeb_schema.Variants(ProductID,color,size,stock) VALUES (65,'Turquoise','3XL',22);
INSERT INTO closeb_schema.Variants(ProductID,color,size,stock) VALUES (53,'Yellow','M',68);
INSERT INTO closeb_schema.Variants(ProductID,color,size,stock) VALUES (55,'Khaki','M',5);
INSERT INTO closeb_schema.Variants(ProductID,color,size,stock) VALUES (29,'Purple','S',79);
INSERT INTO closeb_schema.Variants(ProductID,color,size,stock) VALUES (76,'Goldenrod','M',6);
INSERT INTO closeb_schema.Variants(ProductID,color,size,stock) VALUES (65,'Yellow','XL',50);
INSERT INTO closeb_schema.Variants(ProductID,color,size,stock) VALUES (33,'Fuscia','2XL',29);
INSERT INTO closeb_schema.Variants(ProductID,color,size,stock) VALUES (117,'Pink','L',64);
INSERT INTO closeb_schema.Variants(ProductID,color,size,stock) VALUES (150,'Puce','S',47);
INSERT INTO closeb_schema.Variants(ProductID,color,size,stock) VALUES (87,'Red','M',79);
INSERT INTO closeb_schema.Variants(ProductID,color,size,stock) VALUES (115,'Blue','XL',74);
INSERT INTO closeb_schema.Variants(ProductID,color,size,stock) VALUES (148,'Blue','3XL',87);
INSERT INTO closeb_schema.Variants(ProductID,color,size,stock) VALUES (4,'Aquamarine','2XL',22);
INSERT INTO closeb_schema.Variants(ProductID,color,size,stock) VALUES (16,'Pink','2XL',1);
INSERT INTO closeb_schema.Variants(ProductID,color,size,stock) VALUES (92,'Turquoise','2XL',35);
INSERT INTO closeb_schema.Variants(ProductID,color,size,stock) VALUES (88,'Violet','XS',86);
INSERT INTO closeb_schema.Variants(ProductID,color,size,stock) VALUES (126,'Goldenrod','XS',17);
INSERT INTO closeb_schema.Variants(ProductID,color,size,stock) VALUES (25,'Aquamarine','XS',74);
INSERT INTO closeb_schema.Variants(ProductID,color,size,stock) VALUES (147,'Maroon','S',56);
INSERT INTO closeb_schema.Variants(ProductID,color,size,stock) VALUES (17,'Mauv','3XL',37);
INSERT INTO closeb_schema.Variants(ProductID,color,size,stock) VALUES (102,'Puce','XS',93);
INSERT INTO closeb_schema.Variants(ProductID,color,size,stock) VALUES (115,'Purple','S',71);
INSERT INTO closeb_schema.Variants(ProductID,color,size,stock) VALUES (73,'Goldenrod','3XL',40);
INSERT INTO closeb_schema.Variants(ProductID,color,size,stock) VALUES (118,'Maroon','S',91);
INSERT INTO closeb_schema.Variants(ProductID,color,size,stock) VALUES (62,'Orange','XS',92);
INSERT INTO closeb_schema.Variants(ProductID,color,size,stock) VALUES (24,'Aquamarine','S',46);
INSERT INTO closeb_schema.Variants(ProductID,color,size,stock) VALUES (11,'Goldenrod','2XL',26);
INSERT INTO closeb_schema.Variants(ProductID,color,size,stock) VALUES (91,'Purple','S',35);
INSERT INTO closeb_schema.Variants(ProductID,color,size,stock) VALUES (99,'Yellow','XL',38);
INSERT INTO closeb_schema.Variants(ProductID,color,size,stock) VALUES (93,'Crimson','3XL',49);
INSERT INTO closeb_schema.Variants(ProductID,color,size,stock) VALUES (7,'Aquamarine','L',90);
INSERT INTO closeb_schema.Variants(ProductID,color,size,stock) VALUES (106,'Mauv','XL',42);
INSERT INTO closeb_schema.Variants(ProductID,color,size,stock) VALUES (59,'Fuscia','XL',45);
INSERT INTO closeb_schema.Variants(ProductID,color,size,stock) VALUES (3,'Purple','S',45);
INSERT INTO closeb_schema.Variants(ProductID,color,size,stock) VALUES (71,'Puce','XS',74);
INSERT INTO closeb_schema.Variants(ProductID,color,size,stock) VALUES (103,'Khaki','3XL',55);
INSERT INTO closeb_schema.Variants(ProductID,color,size,stock) VALUES (90,'Purple','3XL',2);
INSERT INTO closeb_schema.Variants(ProductID,color,size,stock) VALUES (35,'Fuscia','L',99);
INSERT INTO closeb_schema.Variants(ProductID,color,size,stock) VALUES (122,'Mauv','L',96);
INSERT INTO closeb_schema.Variants(ProductID,color,size,stock) VALUES (40,'Turquoise','L',46);
INSERT INTO closeb_schema.Variants(ProductID,color,size,stock) VALUES (78,'Violet','S',36);
INSERT INTO closeb_schema.Variants(ProductID,color,size,stock) VALUES (18,'Teal','XL',47);
INSERT INTO closeb_schema.Variants(ProductID,color,size,stock) VALUES (137,'Yellow','XL',5);
INSERT INTO closeb_schema.Variants(ProductID,color,size,stock) VALUES (70,'Maroon','M',51);
INSERT INTO closeb_schema.Variants(ProductID,color,size,stock) VALUES (15,'Green','L',33);
INSERT INTO closeb_schema.Variants(ProductID,color,size,stock) VALUES (27,'Yellow','XS',54);
INSERT INTO closeb_schema.Variants(ProductID,color,size,stock) VALUES (81,'Indigo','XS',77);
INSERT INTO closeb_schema.Variants(ProductID,color,size,stock) VALUES (135,'Goldenrod','M',79);
INSERT INTO closeb_schema.Variants(ProductID,color,size,stock) VALUES (11,'Puce','3XL',56);
INSERT INTO closeb_schema.Variants(ProductID,color,size,stock) VALUES (97,'Violet','XS',8);
INSERT INTO closeb_schema.Variants(ProductID,color,size,stock) VALUES (132,'Turquoise','S',29);
INSERT INTO closeb_schema.Variants(ProductID,color,size,stock) VALUES (12,'Green','S',54);
INSERT INTO closeb_schema.Variants(ProductID,color,size,stock) VALUES (89,'Puce','3XL',87);
INSERT INTO closeb_schema.Variants(ProductID,color,size,stock) VALUES (74,'Maroon','3XL',40);
INSERT INTO closeb_schema.Variants(ProductID,color,size,stock) VALUES (9,'Khaki','XS',83);
INSERT INTO closeb_schema.Variants(ProductID,color,size,stock) VALUES (123,'Yellow','S',80);
INSERT INTO closeb_schema.Variants(ProductID,color,size,stock) VALUES (53,'Violet','3XL',71);
INSERT INTO closeb_schema.Variants(ProductID,color,size,stock) VALUES (88,'Goldenrod','S',1);
INSERT INTO closeb_schema.Variants(ProductID,color,size,stock) VALUES (44,'Red','XL',87);
INSERT INTO closeb_schema.Variants(ProductID,color,size,stock) VALUES (87,'Turquoise','S',90);
INSERT INTO closeb_schema.Variants(ProductID,color,size,stock) VALUES (55,'Aquamarine','2XL',59);
INSERT INTO closeb_schema.Variants(ProductID,color,size,stock) VALUES (130,'Crimson','S',75);
INSERT INTO closeb_schema.Variants(ProductID,color,size,stock) VALUES (91,'Puce','2XL',14);
INSERT INTO closeb_schema.Variants(ProductID,color,size,stock) VALUES (20,'Green','M',76);
INSERT INTO closeb_schema.Variants(ProductID,color,size,stock) VALUES (122,'Goldenrod','2XL',54);
INSERT INTO closeb_schema.Variants(ProductID,color,size,stock) VALUES (149,'Aquamarine','M',62);
INSERT INTO closeb_schema.Variants(ProductID,color,size,stock) VALUES (106,'Aquamarine','3XL',26);
INSERT INTO closeb_schema.Variants(ProductID,color,size,stock) VALUES (38,'Violet','S',93);
INSERT INTO closeb_schema.Variants(ProductID,color,size,stock) VALUES (21,'Pink','XL',31);

-- Carriers
INSERT INTO closeb_schema.Carriers(CarrierID,Phone,Email) VALUES (1,'853-690-4309','spuleston0@godaddy.com');
INSERT INTO closeb_schema.Carriers(CarrierID,Phone,Email) VALUES (2,'119-259-8879','wmorat1@fda.gov');
INSERT INTO closeb_schema.Carriers(CarrierID,Phone,Email) VALUES (3,'221-210-3954','iplaydon2@cyberchimps.com');
INSERT INTO closeb_schema.Carriers(CarrierID,Phone,Email) VALUES (4,'957-631-3429','atoovey3@exblog.jp');
INSERT INTO closeb_schema.Carriers(CarrierID,Phone,Email) VALUES (5,'354-631-9992','illelweln4@shutterfly.com');
INSERT INTO closeb_schema.Carriers(CarrierID,Phone,Email) VALUES (6,'300-467-3183','dkitcher5@usatoday.com');
INSERT INTO closeb_schema.Carriers(CarrierID,Phone,Email) VALUES (7,'381-511-9154','zgatcliff6@eepurl.com');
INSERT INTO closeb_schema.Carriers(CarrierID,Phone,Email) VALUES (8,'635-729-3230','kferentz7@bing.com');
INSERT INTO closeb_schema.Carriers(CarrierID,Phone,Email) VALUES (9,'187-396-1703','phousecroft8@moonfruit.com');
INSERT INTO closeb_schema.Carriers(CarrierID,Phone,Email) VALUES (10,'292-138-7513','mcaudrey9@slashdot.org');
INSERT INTO closeb_schema.Carriers(CarrierID,Phone,Email) VALUES (11,'157-320-6016','rlinkletera@cbsnews.com');
INSERT INTO closeb_schema.Carriers(CarrierID,Phone,Email) VALUES (12,'314-418-4857','hturoneb@toplist.cz');
INSERT INTO closeb_schema.Carriers(CarrierID,Phone,Email) VALUES (13,'879-830-6812','wrayc@chronoengine.com');
INSERT INTO closeb_schema.Carriers(CarrierID,Phone,Email) VALUES (14,'905-747-2626','dmialld@furl.net');
INSERT INTO closeb_schema.Carriers(CarrierID,Phone,Email) VALUES (15,'773-273-7270','tsimoe@timesonline.co.uk');
INSERT INTO closeb_schema.Carriers(CarrierID,Phone,Email) VALUES (16,'871-185-2262','tweatherburnf@redcross.org');
INSERT INTO closeb_schema.Carriers(CarrierID,Phone,Email) VALUES (17,'121-386-0639','celiazg@weibo.com');
INSERT INTO closeb_schema.Carriers(CarrierID,Phone,Email) VALUES (18,'471-866-9266','cclohiseyh@ebay.co.uk');
INSERT INTO closeb_schema.Carriers(CarrierID,Phone,Email) VALUES (19,'317-963-2438','pstebbingi@bravesites.com');
INSERT INTO closeb_schema.Carriers(CarrierID,Phone,Email) VALUES (20,'600-191-2209','ddarkoj@sitemeter.com');
INSERT INTO closeb_schema.Carriers(CarrierID,Phone,Email) VALUES (21,'515-393-4606','dwillavoysk@discuz.net');
INSERT INTO closeb_schema.Carriers(CarrierID,Phone,Email) VALUES (22,'210-126-5138','waxupl@wikia.com');
INSERT INTO closeb_schema.Carriers(CarrierID,Phone,Email) VALUES (23,'451-192-1082','jcrasswellm@t-online.de');
INSERT INTO closeb_schema.Carriers(CarrierID,Phone,Email) VALUES (24,'418-742-9483','bpassn@army.mil');
INSERT INTO closeb_schema.Carriers(CarrierID,Phone,Email) VALUES (25,'415-863-3404','tbellayo@tuttocitta.it');
INSERT INTO closeb_schema.Carriers(CarrierID,Phone,Email) VALUES (26,'982-370-2046','fsparkp@soup.io');
INSERT INTO closeb_schema.Carriers(CarrierID,Phone,Email) VALUES (27,'306-232-3428','eslocombeq@themeforest.net');
INSERT INTO closeb_schema.Carriers(CarrierID,Phone,Email) VALUES (28,'849-373-3761','nneilandr@trellian.com');
INSERT INTO closeb_schema.Carriers(CarrierID,Phone,Email) VALUES (29,'118-270-4894','hdixies@abc.net.au');
INSERT INTO closeb_schema.Carriers(CarrierID,Phone,Email) VALUES (30,'898-249-7949','lroffet@usda.gov');
INSERT INTO closeb_schema.Carriers(CarrierID,Phone,Email) VALUES (31,'893-725-5323','hrasoru@youku.com');
INSERT INTO closeb_schema.Carriers(CarrierID,Phone,Email) VALUES (32,'598-581-4276','msilverv@nationalgeographic.com');
INSERT INTO closeb_schema.Carriers(CarrierID,Phone,Email) VALUES (33,'957-435-6281','esavegew@dailymail.co.uk');
INSERT INTO closeb_schema.Carriers(CarrierID,Phone,Email) VALUES (34,'236-110-2471','drannellsx@blinklist.com');
INSERT INTO closeb_schema.Carriers(CarrierID,Phone,Email) VALUES (35,'465-290-8581','htrappey@angelfire.com');
INSERT INTO closeb_schema.Carriers(CarrierID,Phone,Email) VALUES (36,'681-637-6605','kpitceathlyz@hexun.com');
INSERT INTO closeb_schema.Carriers(CarrierID,Phone,Email) VALUES (37,'497-307-1124','cmaccleay10@instagram.com');
INSERT INTO closeb_schema.Carriers(CarrierID,Phone,Email) VALUES (38,'656-165-8802','goduggan11@springer.com');
INSERT INTO closeb_schema.Carriers(CarrierID,Phone,Email) VALUES (39,'663-633-6690','tgerlts12@artisteer.com');
INSERT INTO closeb_schema.Carriers(CarrierID,Phone,Email) VALUES (40,'227-986-3939','bdahle13@pinterest.com');
INSERT INTO closeb_schema.Carriers(CarrierID,Phone,Email) VALUES (41,'747-225-9750','bmordon14@sitemeter.com');
INSERT INTO closeb_schema.Carriers(CarrierID,Phone,Email) VALUES (42,'487-754-2606','cghio15@blinklist.com');
INSERT INTO closeb_schema.Carriers(CarrierID,Phone,Email) VALUES (43,'388-695-0750','lwartonby16@pen.io');
INSERT INTO closeb_schema.Carriers(CarrierID,Phone,Email) VALUES (44,'684-429-0225','lscarlon17@google.co.uk');
INSERT INTO closeb_schema.Carriers(CarrierID,Phone,Email) VALUES (45,'883-221-9185','hhonywill18@homestead.com');
INSERT INTO closeb_schema.Carriers(CarrierID,Phone,Email) VALUES (46,'217-648-1375','izute19@blogtalkradio.com');
INSERT INTO closeb_schema.Carriers(CarrierID,Phone,Email) VALUES (47,'502-243-5883','nblagburn1a@smh.com.au');
INSERT INTO closeb_schema.Carriers(CarrierID,Phone,Email) VALUES (48,'501-380-8254','hjuszczyk1b@bravesites.com');
INSERT INTO closeb_schema.Carriers(CarrierID,Phone,Email) VALUES (49,'157-134-5694','tfryett1c@nationalgeographic.com');
INSERT INTO closeb_schema.Carriers(CarrierID,Phone,Email) VALUES (50,'315-208-9914','zskottle1d@histats.com');


-- Carrier_rates
INSERT INTO closeb_schema.Carrier_rates(CarrierID,Location,Price) VALUES (12,'06619 Sycamore Court',8);
INSERT INTO closeb_schema.Carrier_rates(CarrierID,Location,Price) VALUES (42,'53183 Scofield Hill',42);
INSERT INTO closeb_schema.Carrier_rates(CarrierID,Location,Price) VALUES (20,'6161 Hollow Ridge Court',67);
INSERT INTO closeb_schema.Carrier_rates(CarrierID,Location,Price) VALUES (45,'5448 Brickson Park Plaza',34);
INSERT INTO closeb_schema.Carrier_rates(CarrierID,Location,Price) VALUES (25,'10358 Monterey Trail',20);
INSERT INTO closeb_schema.Carrier_rates(CarrierID,Location,Price) VALUES (47,'43 Shoshone Center',65);
INSERT INTO closeb_schema.Carrier_rates(CarrierID,Location,Price) VALUES (18,'0918 Heath Street',69);
INSERT INTO closeb_schema.Carrier_rates(CarrierID,Location,Price) VALUES (23,'62 Ridgeview Hill',32);
INSERT INTO closeb_schema.Carrier_rates(CarrierID,Location,Price) VALUES (35,'41542 Fairfield Lane',32);
INSERT INTO closeb_schema.Carrier_rates(CarrierID,Location,Price) VALUES (28,'13666 Browning Plaza',27);
INSERT INTO closeb_schema.Carrier_rates(CarrierID,Location,Price) VALUES (9,'8616 Judy Crossing',32);
INSERT INTO closeb_schema.Carrier_rates(CarrierID,Location,Price) VALUES (26,'4 Utah Parkway',65);
INSERT INTO closeb_schema.Carrier_rates(CarrierID,Location,Price) VALUES (2,'23 Briar Crest Way',59);
INSERT INTO closeb_schema.Carrier_rates(CarrierID,Location,Price) VALUES (25,'035 Bultman Place',14);
INSERT INTO closeb_schema.Carrier_rates(CarrierID,Location,Price) VALUES (34,'950 Morrow Alley',11);
INSERT INTO closeb_schema.Carrier_rates(CarrierID,Location,Price) VALUES (25,'2 Chinook Park',94);
INSERT INTO closeb_schema.Carrier_rates(CarrierID,Location,Price) VALUES (37,'678 Doe Crossing Avenue',14);
INSERT INTO closeb_schema.Carrier_rates(CarrierID,Location,Price) VALUES (21,'56 Prairieview Road',89);
INSERT INTO closeb_schema.Carrier_rates(CarrierID,Location,Price) VALUES (17,'53062 Arkansas Crossing',68);
INSERT INTO closeb_schema.Carrier_rates(CarrierID,Location,Price) VALUES (43,'958 Grim Place',53);
INSERT INTO closeb_schema.Carrier_rates(CarrierID,Location,Price) VALUES (19,'99219 Pine View Avenue',32);
INSERT INTO closeb_schema.Carrier_rates(CarrierID,Location,Price) VALUES (21,'8335 Pennsylvania Point',91);
INSERT INTO closeb_schema.Carrier_rates(CarrierID,Location,Price) VALUES (4,'842 Sachtjen Junction',6);
INSERT INTO closeb_schema.Carrier_rates(CarrierID,Location,Price) VALUES (23,'7657 Straubel Alley',96);
INSERT INTO closeb_schema.Carrier_rates(CarrierID,Location,Price) VALUES (49,'2 Manley Park',94);
INSERT INTO closeb_schema.Carrier_rates(CarrierID,Location,Price) VALUES (17,'4342 Hudson Circle',45);
INSERT INTO closeb_schema.Carrier_rates(CarrierID,Location,Price) VALUES (13,'4960 Onsgard Alley',27);
INSERT INTO closeb_schema.Carrier_rates(CarrierID,Location,Price) VALUES (44,'51 Waxwing Center',64);
INSERT INTO closeb_schema.Carrier_rates(CarrierID,Location,Price) VALUES (5,'2 Fieldstone Street',54);
INSERT INTO closeb_schema.Carrier_rates(CarrierID,Location,Price) VALUES (18,'7 Anthes Center',44);
INSERT INTO closeb_schema.Carrier_rates(CarrierID,Location,Price) VALUES (3,'0245 Amoth Trail',28);
INSERT INTO closeb_schema.Carrier_rates(CarrierID,Location,Price) VALUES (50,'45427 Mifflin Way',98);
INSERT INTO closeb_schema.Carrier_rates(CarrierID,Location,Price) VALUES (13,'127 Gateway Junction',22);
INSERT INTO closeb_schema.Carrier_rates(CarrierID,Location,Price) VALUES (35,'33 Shasta Crossing',33);
INSERT INTO closeb_schema.Carrier_rates(CarrierID,Location,Price) VALUES (24,'888 Maple Wood Way',64);
INSERT INTO closeb_schema.Carrier_rates(CarrierID,Location,Price) VALUES (33,'1969 Redwing Plaza',18);
INSERT INTO closeb_schema.Carrier_rates(CarrierID,Location,Price) VALUES (37,'43 Bartillon Park',80);
INSERT INTO closeb_schema.Carrier_rates(CarrierID,Location,Price) VALUES (31,'479 Dennis Pass',99);
INSERT INTO closeb_schema.Carrier_rates(CarrierID,Location,Price) VALUES (39,'6400 Maple Wood Trail',7);
INSERT INTO closeb_schema.Carrier_rates(CarrierID,Location,Price) VALUES (32,'9 Jay Court',9);
INSERT INTO closeb_schema.Carrier_rates(CarrierID,Location,Price) VALUES (43,'2295 Glacier Hill Place',29);
INSERT INTO closeb_schema.Carrier_rates(CarrierID,Location,Price) VALUES (4,'15009 Hoepker Place',78);
INSERT INTO closeb_schema.Carrier_rates(CarrierID,Location,Price) VALUES (6,'4909 Mesta Park',87);
INSERT INTO closeb_schema.Carrier_rates(CarrierID,Location,Price) VALUES (47,'48278 Fieldstone Junction',44);
INSERT INTO closeb_schema.Carrier_rates(CarrierID,Location,Price) VALUES (42,'9335 Cardinal Alley',44);
INSERT INTO closeb_schema.Carrier_rates(CarrierID,Location,Price) VALUES (36,'3296 Melvin Hill',11);
INSERT INTO closeb_schema.Carrier_rates(CarrierID,Location,Price) VALUES (39,'4 Cardinal Avenue',28);
INSERT INTO closeb_schema.Carrier_rates(CarrierID,Location,Price) VALUES (50,'4 Dovetail Way',35);
INSERT INTO closeb_schema.Carrier_rates(CarrierID,Location,Price) VALUES (13,'1 Commercial Pass',36);
INSERT INTO closeb_schema.Carrier_rates(CarrierID,Location,Price) VALUES (6,'1 Monterey Junction',62);
INSERT INTO closeb_schema.Carrier_rates(CarrierID,Location,Price) VALUES (39,'9 Glacier Hill Point',11);
INSERT INTO closeb_schema.Carrier_rates(CarrierID,Location,Price) VALUES (10,'856 Manley Pass',52);
INSERT INTO closeb_schema.Carrier_rates(CarrierID,Location,Price) VALUES (42,'7885 Brickson Park Trail',33);
INSERT INTO closeb_schema.Carrier_rates(CarrierID,Location,Price) VALUES (37,'3082 Ohio Avenue',71);
INSERT INTO closeb_schema.Carrier_rates(CarrierID,Location,Price) VALUES (23,'84 Graceland Center',33);
INSERT INTO closeb_schema.Carrier_rates(CarrierID,Location,Price) VALUES (19,'156 Steensland Hill',42);
INSERT INTO closeb_schema.Carrier_rates(CarrierID,Location,Price) VALUES (41,'26 Fair Oaks Alley',48);
INSERT INTO closeb_schema.Carrier_rates(CarrierID,Location,Price) VALUES (9,'5 Waxwing Street',83);
INSERT INTO closeb_schema.Carrier_rates(CarrierID,Location,Price) VALUES (35,'9 John Wall Place',11);
INSERT INTO closeb_schema.Carrier_rates(CarrierID,Location,Price) VALUES (44,'026 Prairieview Pass',88);
INSERT INTO closeb_schema.Carrier_rates(CarrierID,Location,Price) VALUES (8,'9 West Drive',29);
INSERT INTO closeb_schema.Carrier_rates(CarrierID,Location,Price) VALUES (46,'303 Independence Drive',32);
INSERT INTO closeb_schema.Carrier_rates(CarrierID,Location,Price) VALUES (48,'8 Heffernan Lane',46);
INSERT INTO closeb_schema.Carrier_rates(CarrierID,Location,Price) VALUES (14,'186 Washington Junction',79);
INSERT INTO closeb_schema.Carrier_rates(CarrierID,Location,Price) VALUES (30,'6 Farragut Lane',55);
INSERT INTO closeb_schema.Carrier_rates(CarrierID,Location,Price) VALUES (50,'685 Debs Trail',69);
INSERT INTO closeb_schema.Carrier_rates(CarrierID,Location,Price) VALUES (9,'18 Commercial Pass',58);
INSERT INTO closeb_schema.Carrier_rates(CarrierID,Location,Price) VALUES (13,'3 Carberry Park',7);
INSERT INTO closeb_schema.Carrier_rates(CarrierID,Location,Price) VALUES (15,'84 Granby Way',16);
INSERT INTO closeb_schema.Carrier_rates(CarrierID,Location,Price) VALUES (43,'96 Meadow Ridge Court',64);
INSERT INTO closeb_schema.Carrier_rates(CarrierID,Location,Price) VALUES (13,'43944 Jana Parkway',81);
INSERT INTO closeb_schema.Carrier_rates(CarrierID,Location,Price) VALUES (42,'9472 Calypso Court',96);
INSERT INTO closeb_schema.Carrier_rates(CarrierID,Location,Price) VALUES (44,'3374 Straubel Circle',45);
INSERT INTO closeb_schema.Carrier_rates(CarrierID,Location,Price) VALUES (29,'10 Bultman Park',5);
INSERT INTO closeb_schema.Carrier_rates(CarrierID,Location,Price) VALUES (4,'333 2nd Trail',68);
INSERT INTO closeb_schema.Carrier_rates(CarrierID,Location,Price) VALUES (35,'3 Darwin Way',71);
INSERT INTO closeb_schema.Carrier_rates(CarrierID,Location,Price) VALUES (9,'85 Riverside Alley',89);
INSERT INTO closeb_schema.Carrier_rates(CarrierID,Location,Price) VALUES (43,'42437 Logan Place',84);
INSERT INTO closeb_schema.Carrier_rates(CarrierID,Location,Price) VALUES (40,'251 Farwell Way',69);
INSERT INTO closeb_schema.Carrier_rates(CarrierID,Location,Price) VALUES (34,'70509 High Crossing Junction',9);
INSERT INTO closeb_schema.Carrier_rates(CarrierID,Location,Price) VALUES (47,'4 Badeau Crossing',35);
INSERT INTO closeb_schema.Carrier_rates(CarrierID,Location,Price) VALUES (32,'2699 Meadow Ridge Street',62);
INSERT INTO closeb_schema.Carrier_rates(CarrierID,Location,Price) VALUES (10,'5177 Blue Bill Park Alley',100);
INSERT INTO closeb_schema.Carrier_rates(CarrierID,Location,Price) VALUES (8,'94 Golden Leaf Parkway',7);
INSERT INTO closeb_schema.Carrier_rates(CarrierID,Location,Price) VALUES (20,'23 Westend Street',47);
INSERT INTO closeb_schema.Carrier_rates(CarrierID,Location,Price) VALUES (25,'925 Red Cloud Crossing',96);
INSERT INTO closeb_schema.Carrier_rates(CarrierID,Location,Price) VALUES (14,'4 Heath Center',15);
INSERT INTO closeb_schema.Carrier_rates(CarrierID,Location,Price) VALUES (22,'18513 Superior Hill',1);
INSERT INTO closeb_schema.Carrier_rates(CarrierID,Location,Price) VALUES (12,'3 Bartillon Terrace',35);
INSERT INTO closeb_schema.Carrier_rates(CarrierID,Location,Price) VALUES (48,'28 Tennessee Point',1);
INSERT INTO closeb_schema.Carrier_rates(CarrierID,Location,Price) VALUES (45,'8 High Crossing Park',5);
INSERT INTO closeb_schema.Carrier_rates(CarrierID,Location,Price) VALUES (42,'6 Sugar Terrace',23);
INSERT INTO closeb_schema.Carrier_rates(CarrierID,Location,Price) VALUES (25,'63 Pine View Junction',10);
INSERT INTO closeb_schema.Carrier_rates(CarrierID,Location,Price) VALUES (8,'2 Killdeer Street',71);
INSERT INTO closeb_schema.Carrier_rates(CarrierID,Location,Price) VALUES (30,'19108 Helena Court',75);
INSERT INTO closeb_schema.Carrier_rates(CarrierID,Location,Price) VALUES (40,'85 Lindbergh Street',80);
INSERT INTO closeb_schema.Carrier_rates(CarrierID,Location,Price) VALUES (32,'396 Glendale Alley',26);
INSERT INTO closeb_schema.Carrier_rates(CarrierID,Location,Price) VALUES (37,'09239 Sunfield Terrace',23);
INSERT INTO closeb_schema.Carrier_rates(CarrierID,Location,Price) VALUES (15,'33261 Hollow Ridge Pass',68);
INSERT INTO closeb_schema.Carrier_rates(CarrierID,Location,Price) VALUES (50,'68 New Castle Point',61);
INSERT INTO closeb_schema.Carrier_rates(CarrierID,Location,Price) VALUES (41,'18 Springs Court',65);
INSERT INTO closeb_schema.Carrier_rates(CarrierID,Location,Price) VALUES (46,'83 Cordelia Street',14);
INSERT INTO closeb_schema.Carrier_rates(CarrierID,Location,Price) VALUES (8,'75145 Butternut Terrace',57);
INSERT INTO closeb_schema.Carrier_rates(CarrierID,Location,Price) VALUES (31,'04 Towne Park',25);
INSERT INTO closeb_schema.Carrier_rates(CarrierID,Location,Price) VALUES (4,'8 Lindbergh Way',26);
INSERT INTO closeb_schema.Carrier_rates(CarrierID,Location,Price) VALUES (34,'07028 Grayhawk Pass',56);
INSERT INTO closeb_schema.Carrier_rates(CarrierID,Location,Price) VALUES (11,'6 Ronald Regan Place',54);
INSERT INTO closeb_schema.Carrier_rates(CarrierID,Location,Price) VALUES (17,'3 Armistice Circle',34);
INSERT INTO closeb_schema.Carrier_rates(CarrierID,Location,Price) VALUES (13,'4 Buell Place',48);
INSERT INTO closeb_schema.Carrier_rates(CarrierID,Location,Price) VALUES (20,'59767 Lotheville Circle',39);
INSERT INTO closeb_schema.Carrier_rates(CarrierID,Location,Price) VALUES (5,'39 Anzinger Hill',12);
INSERT INTO closeb_schema.Carrier_rates(CarrierID,Location,Price) VALUES (33,'7762 Hoepker Way',19);
INSERT INTO closeb_schema.Carrier_rates(CarrierID,Location,Price) VALUES (40,'90 Northland Alley',7);
INSERT INTO closeb_schema.Carrier_rates(CarrierID,Location,Price) VALUES (11,'2714 Duke Pass',80);
INSERT INTO closeb_schema.Carrier_rates(CarrierID,Location,Price) VALUES (9,'57930 Fisk Alley',2);
INSERT INTO closeb_schema.Carrier_rates(CarrierID,Location,Price) VALUES (31,'9 Ridgeview Drive',87);
INSERT INTO closeb_schema.Carrier_rates(CarrierID,Location,Price) VALUES (12,'21381 Mayfield Crossing',67);
INSERT INTO closeb_schema.Carrier_rates(CarrierID,Location,Price) VALUES (30,'8106 Summer Ridge Pass',44);
INSERT INTO closeb_schema.Carrier_rates(CarrierID,Location,Price) VALUES (36,'8059 Rutledge Center',68);
INSERT INTO closeb_schema.Carrier_rates(CarrierID,Location,Price) VALUES (24,'40650 Fulton Center',44);
INSERT INTO closeb_schema.Carrier_rates(CarrierID,Location,Price) VALUES (17,'04290 Sachtjen Parkway',34);
INSERT INTO closeb_schema.Carrier_rates(CarrierID,Location,Price) VALUES (43,'39 Ryan Place',14);
INSERT INTO closeb_schema.Carrier_rates(CarrierID,Location,Price) VALUES (47,'98 Corry Circle',36);
INSERT INTO closeb_schema.Carrier_rates(CarrierID,Location,Price) VALUES (18,'32 Brown Alley',68);
INSERT INTO closeb_schema.Carrier_rates(CarrierID,Location,Price) VALUES (14,'3 Oak Valley Alley',71);
INSERT INTO closeb_schema.Carrier_rates(CarrierID,Location,Price) VALUES (42,'41541 Dayton Park',63);
INSERT INTO closeb_schema.Carrier_rates(CarrierID,Location,Price) VALUES (23,'60 Ridgeview Street',7);
INSERT INTO closeb_schema.Carrier_rates(CarrierID,Location,Price) VALUES (22,'096 Lotheville Circle',58);
INSERT INTO closeb_schema.Carrier_rates(CarrierID,Location,Price) VALUES (46,'0742 Banding Pass',33);
INSERT INTO closeb_schema.Carrier_rates(CarrierID,Location,Price) VALUES (21,'8 Roxbury Hill',93);
INSERT INTO closeb_schema.Carrier_rates(CarrierID,Location,Price) VALUES (12,'451 Redwing Place',19);
INSERT INTO closeb_schema.Carrier_rates(CarrierID,Location,Price) VALUES (20,'0 Cordelia Center',82);
INSERT INTO closeb_schema.Carrier_rates(CarrierID,Location,Price) VALUES (16,'3396 Browning Hill',42);
INSERT INTO closeb_schema.Carrier_rates(CarrierID,Location,Price) VALUES (23,'5430 Prairieview Way',19);
INSERT INTO closeb_schema.Carrier_rates(CarrierID,Location,Price) VALUES (30,'6 Manitowish Terrace',2);
INSERT INTO closeb_schema.Carrier_rates(CarrierID,Location,Price) VALUES (3,'8 Hintze Court',69);
INSERT INTO closeb_schema.Carrier_rates(CarrierID,Location,Price) VALUES (19,'8953 Glendale Plaza',83);
INSERT INTO closeb_schema.Carrier_rates(CarrierID,Location,Price) VALUES (32,'9576 Hooker Lane',93);
INSERT INTO closeb_schema.Carrier_rates(CarrierID,Location,Price) VALUES (34,'1609 Basil Road',58);
INSERT INTO closeb_schema.Carrier_rates(CarrierID,Location,Price) VALUES (11,'5 Service Street',80);
INSERT INTO closeb_schema.Carrier_rates(CarrierID,Location,Price) VALUES (41,'012 Bayside Avenue',89);
INSERT INTO closeb_schema.Carrier_rates(CarrierID,Location,Price) VALUES (17,'68621 Northland Plaza',96);
INSERT INTO closeb_schema.Carrier_rates(CarrierID,Location,Price) VALUES (20,'0462 Spenser Pass',62);
INSERT INTO closeb_schema.Carrier_rates(CarrierID,Location,Price) VALUES (25,'48 Arkansas Lane',97);
INSERT INTO closeb_schema.Carrier_rates(CarrierID,Location,Price) VALUES (48,'45 Gateway Avenue',31);
INSERT INTO closeb_schema.Carrier_rates(CarrierID,Location,Price) VALUES (27,'509 Jay Road',73);
INSERT INTO closeb_schema.Carrier_rates(CarrierID,Location,Price) VALUES (6,'82031 Mockingbird Pass',73);
INSERT INTO closeb_schema.Carrier_rates(CarrierID,Location,Price) VALUES (5,'585 Ridge Oak Point',51);
INSERT INTO closeb_schema.Carrier_rates(CarrierID,Location,Price) VALUES (46,'78 Fulton Circle',67);
INSERT INTO closeb_schema.Carrier_rates(CarrierID,Location,Price) VALUES (12,'3178 Superior Avenue',87);


-- Orders
INSERT INTO closeb_schema.Orders(OrderID,Date,Price,CustomerID,isReturn) VALUES (1,'11/02/2022',96,37,'true');
INSERT INTO closeb_schema.Orders(OrderID,Date,Price,CustomerID,isReturn) VALUES (2,'11/20/2022',46,15,'true');
INSERT INTO closeb_schema.Orders(OrderID,Date,Price,CustomerID,isReturn) VALUES (3,'06/03/2022',36,34,'true');
INSERT INTO closeb_schema.Orders(OrderID,Date,Price,CustomerID,isReturn) VALUES (4,'04/29/2022',97,35,'false');
INSERT INTO closeb_schema.Orders(OrderID,Date,Price,CustomerID,isReturn) VALUES (5,'01/21/2023',10,36,'false');
INSERT INTO closeb_schema.Orders(OrderID,Date,Price,CustomerID,isReturn) VALUES (6,'03/01/2023',22,24,'false');
INSERT INTO closeb_schema.Orders(OrderID,Date,Price,CustomerID,isReturn) VALUES (7,'07/05/2022',51,50,'false');
INSERT INTO closeb_schema.Orders(OrderID,Date,Price,CustomerID,isReturn) VALUES (8,'03/15/2023',51,21,'true');
INSERT INTO closeb_schema.Orders(OrderID,Date,Price,CustomerID,isReturn) VALUES (9,'12/30/2022',80,2,'false');
INSERT INTO closeb_schema.Orders(OrderID,Date,Price,CustomerID,isReturn) VALUES (10,'09/03/2022',41,43,'true');
INSERT INTO closeb_schema.Orders(OrderID,Date,Price,CustomerID,isReturn) VALUES (11,'01/11/2023',67,16,'true');
INSERT INTO closeb_schema.Orders(OrderID,Date,Price,CustomerID,isReturn) VALUES (12,'01/11/2023',82,23,'true');
INSERT INTO closeb_schema.Orders(OrderID,Date,Price,CustomerID,isReturn) VALUES (13,'10/19/2022',96,32,'true');
INSERT INTO closeb_schema.Orders(OrderID,Date,Price,CustomerID,isReturn) VALUES (14,'06/25/2022',96,1,'false');
INSERT INTO closeb_schema.Orders(OrderID,Date,Price,CustomerID,isReturn) VALUES (15,'04/03/2023',75,1,'true');
INSERT INTO closeb_schema.Orders(OrderID,Date,Price,CustomerID,isReturn) VALUES (16,'10/10/2022',88,2,'false');
INSERT INTO closeb_schema.Orders(OrderID,Date,Price,CustomerID,isReturn) VALUES (17,'03/18/2023',17,34,'true');
INSERT INTO closeb_schema.Orders(OrderID,Date,Price,CustomerID,isReturn) VALUES (18,'06/03/2022',56,19,'true');
INSERT INTO closeb_schema.Orders(OrderID,Date,Price,CustomerID,isReturn) VALUES (19,'03/25/2023',72,11,'false');
INSERT INTO closeb_schema.Orders(OrderID,Date,Price,CustomerID,isReturn) VALUES (20,'04/04/2023',71,20,'true');
INSERT INTO closeb_schema.Orders(OrderID,Date,Price,CustomerID,isReturn) VALUES (21,'03/25/2023',95,25,'true');
INSERT INTO closeb_schema.Orders(OrderID,Date,Price,CustomerID,isReturn) VALUES (22,'02/15/2023',3,27,'false');
INSERT INTO closeb_schema.Orders(OrderID,Date,Price,CustomerID,isReturn) VALUES (23,'10/26/2022',71,11,'true');
INSERT INTO closeb_schema.Orders(OrderID,Date,Price,CustomerID,isReturn) VALUES (24,'07/21/2022',5,44,'false');
INSERT INTO closeb_schema.Orders(OrderID,Date,Price,CustomerID,isReturn) VALUES (25,'10/30/2022',82,42,'true');
INSERT INTO closeb_schema.Orders(OrderID,Date,Price,CustomerID,isReturn) VALUES (26,'05/14/2022',35,24,'true');
INSERT INTO closeb_schema.Orders(OrderID,Date,Price,CustomerID,isReturn) VALUES (27,'04/07/2022',43,6,'true');
INSERT INTO closeb_schema.Orders(OrderID,Date,Price,CustomerID,isReturn) VALUES (28,'01/07/2023',37,19,'false');
INSERT INTO closeb_schema.Orders(OrderID,Date,Price,CustomerID,isReturn) VALUES (29,'05/27/2022',17,19,'false');
INSERT INTO closeb_schema.Orders(OrderID,Date,Price,CustomerID,isReturn) VALUES (30,'07/21/2022',6,39,'true');
INSERT INTO closeb_schema.Orders(OrderID,Date,Price,CustomerID,isReturn) VALUES (31,'08/03/2022',12,37,'true');
INSERT INTO closeb_schema.Orders(OrderID,Date,Price,CustomerID,isReturn) VALUES (32,'12/29/2022',15,30,'true');
INSERT INTO closeb_schema.Orders(OrderID,Date,Price,CustomerID,isReturn) VALUES (33,'07/04/2022',86,40,'false');
INSERT INTO closeb_schema.Orders(OrderID,Date,Price,CustomerID,isReturn) VALUES (34,'11/02/2022',54,29,'false');
INSERT INTO closeb_schema.Orders(OrderID,Date,Price,CustomerID,isReturn) VALUES (35,'11/24/2022',18,23,'false');
INSERT INTO closeb_schema.Orders(OrderID,Date,Price,CustomerID,isReturn) VALUES (36,'01/10/2023',18,46,'true');
INSERT INTO closeb_schema.Orders(OrderID,Date,Price,CustomerID,isReturn) VALUES (37,'06/26/2022',60,38,'true');
INSERT INTO closeb_schema.Orders(OrderID,Date,Price,CustomerID,isReturn) VALUES (38,'06/12/2022',53,49,'true');
INSERT INTO closeb_schema.Orders(OrderID,Date,Price,CustomerID,isReturn) VALUES (39,'11/26/2022',30,27,'true');
INSERT INTO closeb_schema.Orders(OrderID,Date,Price,CustomerID,isReturn) VALUES (40,'02/13/2023',5,3,'true');
INSERT INTO closeb_schema.Orders(OrderID,Date,Price,CustomerID,isReturn) VALUES (41,'03/13/2023',96,31,'false');
INSERT INTO closeb_schema.Orders(OrderID,Date,Price,CustomerID,isReturn) VALUES (42,'10/07/2022',45,16,'false');
INSERT INTO closeb_schema.Orders(OrderID,Date,Price,CustomerID,isReturn) VALUES (43,'02/02/2023',98,33,'false');
INSERT INTO closeb_schema.Orders(OrderID,Date,Price,CustomerID,isReturn) VALUES (44,'11/24/2022',92,1,'true');
INSERT INTO closeb_schema.Orders(OrderID,Date,Price,CustomerID,isReturn) VALUES (45,'02/17/2023',45,23,'true');
INSERT INTO closeb_schema.Orders(OrderID,Date,Price,CustomerID,isReturn) VALUES (46,'09/07/2022',56,17,'false');
INSERT INTO closeb_schema.Orders(OrderID,Date,Price,CustomerID,isReturn) VALUES (47,'04/28/2022',26,6,'false');
INSERT INTO closeb_schema.Orders(OrderID,Date,Price,CustomerID,isReturn) VALUES (48,'11/10/2022',77,31,'false');
INSERT INTO closeb_schema.Orders(OrderID,Date,Price,CustomerID,isReturn) VALUES (49,'10/21/2022',70,29,'true');
INSERT INTO closeb_schema.Orders(OrderID,Date,Price,CustomerID,isReturn) VALUES (50,'02/28/2023',38,50,'true');
INSERT INTO closeb_schema.Orders(OrderID,Date,Price,CustomerID,isReturn) VALUES (51,'03/22/2023',97,11,'true');
INSERT INTO closeb_schema.Orders(OrderID,Date,Price,CustomerID,isReturn) VALUES (52,'01/15/2023',61,16,'false');
INSERT INTO closeb_schema.Orders(OrderID,Date,Price,CustomerID,isReturn) VALUES (53,'12/16/2022',6,17,'false');
INSERT INTO closeb_schema.Orders(OrderID,Date,Price,CustomerID,isReturn) VALUES (54,'06/16/2022',48,19,'true');
INSERT INTO closeb_schema.Orders(OrderID,Date,Price,CustomerID,isReturn) VALUES (55,'11/21/2022',9,1,'true');
INSERT INTO closeb_schema.Orders(OrderID,Date,Price,CustomerID,isReturn) VALUES (56,'10/08/2022',37,3,'true');
INSERT INTO closeb_schema.Orders(OrderID,Date,Price,CustomerID,isReturn) VALUES (57,'03/11/2023',11,50,'false');
INSERT INTO closeb_schema.Orders(OrderID,Date,Price,CustomerID,isReturn) VALUES (58,'11/16/2022',98,6,'false');
INSERT INTO closeb_schema.Orders(OrderID,Date,Price,CustomerID,isReturn) VALUES (59,'01/10/2023',80,28,'false');
INSERT INTO closeb_schema.Orders(OrderID,Date,Price,CustomerID,isReturn) VALUES (60,'11/11/2022',48,44,'true');
INSERT INTO closeb_schema.Orders(OrderID,Date,Price,CustomerID,isReturn) VALUES (61,'03/01/2023',18,36,'true');
INSERT INTO closeb_schema.Orders(OrderID,Date,Price,CustomerID,isReturn) VALUES (62,'12/19/2022',45,31,'true');
INSERT INTO closeb_schema.Orders(OrderID,Date,Price,CustomerID,isReturn) VALUES (63,'11/01/2022',50,48,'false');
INSERT INTO closeb_schema.Orders(OrderID,Date,Price,CustomerID,isReturn) VALUES (64,'08/12/2022',49,15,'false');
INSERT INTO closeb_schema.Orders(OrderID,Date,Price,CustomerID,isReturn) VALUES (65,'11/14/2022',78,48,'false');
INSERT INTO closeb_schema.Orders(OrderID,Date,Price,CustomerID,isReturn) VALUES (66,'07/13/2022',95,12,'true');
INSERT INTO closeb_schema.Orders(OrderID,Date,Price,CustomerID,isReturn) VALUES (67,'11/15/2022',24,21,'false');
INSERT INTO closeb_schema.Orders(OrderID,Date,Price,CustomerID,isReturn) VALUES (68,'08/13/2022',98,16,'false');
INSERT INTO closeb_schema.Orders(OrderID,Date,Price,CustomerID,isReturn) VALUES (69,'11/24/2022',31,42,'false');
INSERT INTO closeb_schema.Orders(OrderID,Date,Price,CustomerID,isReturn) VALUES (70,'02/21/2023',19,46,'true');
INSERT INTO closeb_schema.Orders(OrderID,Date,Price,CustomerID,isReturn) VALUES (71,'02/20/2023',50,37,'false');
INSERT INTO closeb_schema.Orders(OrderID,Date,Price,CustomerID,isReturn) VALUES (72,'10/04/2022',77,21,'true');
INSERT INTO closeb_schema.Orders(OrderID,Date,Price,CustomerID,isReturn) VALUES (73,'06/25/2022',77,39,'true');
INSERT INTO closeb_schema.Orders(OrderID,Date,Price,CustomerID,isReturn) VALUES (74,'12/27/2022',30,1,'false');
INSERT INTO closeb_schema.Orders(OrderID,Date,Price,CustomerID,isReturn) VALUES (75,'07/15/2022',89,13,'true');
INSERT INTO closeb_schema.Orders(OrderID,Date,Price,CustomerID,isReturn) VALUES (76,'09/05/2022',81,19,'true');
INSERT INTO closeb_schema.Orders(OrderID,Date,Price,CustomerID,isReturn) VALUES (77,'04/28/2022',2,23,'true');
INSERT INTO closeb_schema.Orders(OrderID,Date,Price,CustomerID,isReturn) VALUES (78,'06/05/2022',99,47,'true');
INSERT INTO closeb_schema.Orders(OrderID,Date,Price,CustomerID,isReturn) VALUES (79,'07/10/2022',60,31,'true');
INSERT INTO closeb_schema.Orders(OrderID,Date,Price,CustomerID,isReturn) VALUES (80,'09/09/2022',73,10,'true');
INSERT INTO closeb_schema.Orders(OrderID,Date,Price,CustomerID,isReturn) VALUES (81,'07/09/2022',64,24,'true');
INSERT INTO closeb_schema.Orders(OrderID,Date,Price,CustomerID,isReturn) VALUES (82,'02/21/2023',74,18,'false');
INSERT INTO closeb_schema.Orders(OrderID,Date,Price,CustomerID,isReturn) VALUES (83,'12/06/2022',34,5,'false');
INSERT INTO closeb_schema.Orders(OrderID,Date,Price,CustomerID,isReturn) VALUES (84,'11/28/2022',92,13,'true');
INSERT INTO closeb_schema.Orders(OrderID,Date,Price,CustomerID,isReturn) VALUES (85,'07/10/2022',50,3,'true');
INSERT INTO closeb_schema.Orders(OrderID,Date,Price,CustomerID,isReturn) VALUES (86,'10/24/2022',26,40,'false');
INSERT INTO closeb_schema.Orders(OrderID,Date,Price,CustomerID,isReturn) VALUES (87,'04/04/2023',87,15,'false');
INSERT INTO closeb_schema.Orders(OrderID,Date,Price,CustomerID,isReturn) VALUES (88,'08/21/2022',10,34,'false');
INSERT INTO closeb_schema.Orders(OrderID,Date,Price,CustomerID,isReturn) VALUES (89,'05/24/2022',86,12,'false');
INSERT INTO closeb_schema.Orders(OrderID,Date,Price,CustomerID,isReturn) VALUES (90,'11/01/2022',42,24,'false');
INSERT INTO closeb_schema.Orders(OrderID,Date,Price,CustomerID,isReturn) VALUES (91,'06/17/2022',83,35,'true');
INSERT INTO closeb_schema.Orders(OrderID,Date,Price,CustomerID,isReturn) VALUES (92,'06/10/2022',41,37,'false');
INSERT INTO closeb_schema.Orders(OrderID,Date,Price,CustomerID,isReturn) VALUES (93,'11/20/2022',71,50,'false');
INSERT INTO closeb_schema.Orders(OrderID,Date,Price,CustomerID,isReturn) VALUES (94,'09/19/2022',76,44,'true');
INSERT INTO closeb_schema.Orders(OrderID,Date,Price,CustomerID,isReturn) VALUES (95,'03/07/2023',74,41,'true');
INSERT INTO closeb_schema.Orders(OrderID,Date,Price,CustomerID,isReturn) VALUES (96,'05/11/2022',7,22,'false');
INSERT INTO closeb_schema.Orders(OrderID,Date,Price,CustomerID,isReturn) VALUES (97,'02/27/2023',81,2,'false');
INSERT INTO closeb_schema.Orders(OrderID,Date,Price,CustomerID,isReturn) VALUES (98,'08/25/2022',94,31,'false');
INSERT INTO closeb_schema.Orders(OrderID,Date,Price,CustomerID,isReturn) VALUES (99,'03/22/2023',94,23,'true');
INSERT INTO closeb_schema.Orders(OrderID,Date,Price,CustomerID,isReturn) VALUES (100,'04/11/2022',89,8,'false');
INSERT INTO closeb_schema.Orders(OrderID,Date,Price,CustomerID,isReturn) VALUES (101,'02/12/2023',44,48,'true');
INSERT INTO closeb_schema.Orders(OrderID,Date,Price,CustomerID,isReturn) VALUES (102,'04/13/2022',39,7,'false');
INSERT INTO closeb_schema.Orders(OrderID,Date,Price,CustomerID,isReturn) VALUES (103,'09/19/2022',42,6,'true');
INSERT INTO closeb_schema.Orders(OrderID,Date,Price,CustomerID,isReturn) VALUES (104,'12/22/2022',64,28,'false');
INSERT INTO closeb_schema.Orders(OrderID,Date,Price,CustomerID,isReturn) VALUES (105,'11/25/2022',7,50,'false');
INSERT INTO closeb_schema.Orders(OrderID,Date,Price,CustomerID,isReturn) VALUES (106,'08/10/2022',67,13,'true');
INSERT INTO closeb_schema.Orders(OrderID,Date,Price,CustomerID,isReturn) VALUES (107,'10/08/2022',22,44,'true');
INSERT INTO closeb_schema.Orders(OrderID,Date,Price,CustomerID,isReturn) VALUES (108,'09/30/2022',70,7,'false');
INSERT INTO closeb_schema.Orders(OrderID,Date,Price,CustomerID,isReturn) VALUES (109,'04/14/2022',67,17,'true');
INSERT INTO closeb_schema.Orders(OrderID,Date,Price,CustomerID,isReturn) VALUES (110,'06/11/2022',33,4,'false');
INSERT INTO closeb_schema.Orders(OrderID,Date,Price,CustomerID,isReturn) VALUES (111,'05/06/2022',87,46,'false');
INSERT INTO closeb_schema.Orders(OrderID,Date,Price,CustomerID,isReturn) VALUES (112,'04/12/2022',4,12,'true');
INSERT INTO closeb_schema.Orders(OrderID,Date,Price,CustomerID,isReturn) VALUES (113,'09/27/2022',3,50,'true');
INSERT INTO closeb_schema.Orders(OrderID,Date,Price,CustomerID,isReturn) VALUES (114,'01/21/2023',60,28,'true');
INSERT INTO closeb_schema.Orders(OrderID,Date,Price,CustomerID,isReturn) VALUES (115,'09/30/2022',59,49,'false');
INSERT INTO closeb_schema.Orders(OrderID,Date,Price,CustomerID,isReturn) VALUES (116,'12/24/2022',1,41,'false');
INSERT INTO closeb_schema.Orders(OrderID,Date,Price,CustomerID,isReturn) VALUES (117,'12/31/2022',25,13,'true');
INSERT INTO closeb_schema.Orders(OrderID,Date,Price,CustomerID,isReturn) VALUES (118,'12/09/2022',11,26,'false');
INSERT INTO closeb_schema.Orders(OrderID,Date,Price,CustomerID,isReturn) VALUES (119,'11/19/2022',58,21,'false');
INSERT INTO closeb_schema.Orders(OrderID,Date,Price,CustomerID,isReturn) VALUES (120,'02/13/2023',40,22,'true');
INSERT INTO closeb_schema.Orders(OrderID,Date,Price,CustomerID,isReturn) VALUES (121,'11/02/2022',77,16,'true');
INSERT INTO closeb_schema.Orders(OrderID,Date,Price,CustomerID,isReturn) VALUES (122,'09/06/2022',93,44,'false');
INSERT INTO closeb_schema.Orders(OrderID,Date,Price,CustomerID,isReturn) VALUES (123,'09/07/2022',27,24,'true');
INSERT INTO closeb_schema.Orders(OrderID,Date,Price,CustomerID,isReturn) VALUES (124,'06/28/2022',54,8,'true');
INSERT INTO closeb_schema.Orders(OrderID,Date,Price,CustomerID,isReturn) VALUES (125,'08/08/2022',54,26,'true');
INSERT INTO closeb_schema.Orders(OrderID,Date,Price,CustomerID,isReturn) VALUES (126,'04/05/2023',70,25,'true');
INSERT INTO closeb_schema.Orders(OrderID,Date,Price,CustomerID,isReturn) VALUES (127,'11/14/2022',11,1,'false');
INSERT INTO closeb_schema.Orders(OrderID,Date,Price,CustomerID,isReturn) VALUES (128,'07/12/2022',24,16,'false');
INSERT INTO closeb_schema.Orders(OrderID,Date,Price,CustomerID,isReturn) VALUES (129,'04/29/2022',65,30,'true');
INSERT INTO closeb_schema.Orders(OrderID,Date,Price,CustomerID,isReturn) VALUES (130,'07/10/2022',91,45,'false');
INSERT INTO closeb_schema.Orders(OrderID,Date,Price,CustomerID,isReturn) VALUES (131,'06/01/2022',91,35,'true');
INSERT INTO closeb_schema.Orders(OrderID,Date,Price,CustomerID,isReturn) VALUES (132,'02/26/2023',86,34,'true');
INSERT INTO closeb_schema.Orders(OrderID,Date,Price,CustomerID,isReturn) VALUES (133,'03/07/2023',51,8,'true');
INSERT INTO closeb_schema.Orders(OrderID,Date,Price,CustomerID,isReturn) VALUES (134,'02/27/2023',74,21,'false');
INSERT INTO closeb_schema.Orders(OrderID,Date,Price,CustomerID,isReturn) VALUES (135,'05/01/2022',30,41,'false');
INSERT INTO closeb_schema.Orders(OrderID,Date,Price,CustomerID,isReturn) VALUES (136,'01/29/2023',3,1,'false');
INSERT INTO closeb_schema.Orders(OrderID,Date,Price,CustomerID,isReturn) VALUES (137,'06/17/2022',13,26,'true');
INSERT INTO closeb_schema.Orders(OrderID,Date,Price,CustomerID,isReturn) VALUES (138,'06/04/2022',100,23,'false');
INSERT INTO closeb_schema.Orders(OrderID,Date,Price,CustomerID,isReturn) VALUES (139,'05/15/2022',31,5,'true');
INSERT INTO closeb_schema.Orders(OrderID,Date,Price,CustomerID,isReturn) VALUES (140,'06/04/2022',68,24,'false');
INSERT INTO closeb_schema.Orders(OrderID,Date,Price,CustomerID,isReturn) VALUES (141,'09/09/2022',94,6,'true');
INSERT INTO closeb_schema.Orders(OrderID,Date,Price,CustomerID,isReturn) VALUES (142,'03/21/2023',46,7,'false');
INSERT INTO closeb_schema.Orders(OrderID,Date,Price,CustomerID,isReturn) VALUES (143,'04/09/2022',22,38,'true');
INSERT INTO closeb_schema.Orders(OrderID,Date,Price,CustomerID,isReturn) VALUES (144,'12/07/2022',11,44,'true');
INSERT INTO closeb_schema.Orders(OrderID,Date,Price,CustomerID,isReturn) VALUES (145,'11/12/2022',42,13,'true');
INSERT INTO closeb_schema.Orders(OrderID,Date,Price,CustomerID,isReturn) VALUES (146,'06/14/2022',24,20,'true');
INSERT INTO closeb_schema.Orders(OrderID,Date,Price,CustomerID,isReturn) VALUES (147,'05/27/2022',94,3,'false');
INSERT INTO closeb_schema.Orders(OrderID,Date,Price,CustomerID,isReturn) VALUES (148,'07/29/2022',32,32,'true');
INSERT INTO closeb_schema.Orders(OrderID,Date,Price,CustomerID,isReturn) VALUES (149,'03/20/2023',5,4,'true');
INSERT INTO closeb_schema.Orders(OrderID,Date,Price,CustomerID,isReturn) VALUES (150,'09/19/2022',70,16,'false');


-- OrderDetails
INSERT INTO closeb_schema.OrderDetails(OrderID,ProductID,Quantity) VALUES (23,28,4);
INSERT INTO closeb_schema.OrderDetails(OrderID,ProductID,Quantity) VALUES (63,121,8);
INSERT INTO closeb_schema.OrderDetails(OrderID,ProductID,Quantity) VALUES (71,103,9);
INSERT INTO closeb_schema.OrderDetails(OrderID,ProductID,Quantity) VALUES (24,12,9);
INSERT INTO closeb_schema.OrderDetails(OrderID,ProductID,Quantity) VALUES (73,57,2);
INSERT INTO closeb_schema.OrderDetails(OrderID,ProductID,Quantity) VALUES (19,74,3);
INSERT INTO closeb_schema.OrderDetails(OrderID,ProductID,Quantity) VALUES (116,65,3);
INSERT INTO closeb_schema.OrderDetails(OrderID,ProductID,Quantity) VALUES (32,36,5);
INSERT INTO closeb_schema.OrderDetails(OrderID,ProductID,Quantity) VALUES (18,136,9);
INSERT INTO closeb_schema.OrderDetails(OrderID,ProductID,Quantity) VALUES (63,59,9);
INSERT INTO closeb_schema.OrderDetails(OrderID,ProductID,Quantity) VALUES (24,9,3);
INSERT INTO closeb_schema.OrderDetails(OrderID,ProductID,Quantity) VALUES (144,135,3);
INSERT INTO closeb_schema.OrderDetails(OrderID,ProductID,Quantity) VALUES (109,23,9);
INSERT INTO closeb_schema.OrderDetails(OrderID,ProductID,Quantity) VALUES (87,32,6);
INSERT INTO closeb_schema.OrderDetails(OrderID,ProductID,Quantity) VALUES (57,130,3);
INSERT INTO closeb_schema.OrderDetails(OrderID,ProductID,Quantity) VALUES (11,44,9);
INSERT INTO closeb_schema.OrderDetails(OrderID,ProductID,Quantity) VALUES (27,79,6);
INSERT INTO closeb_schema.OrderDetails(OrderID,ProductID,Quantity) VALUES (114,88,8);
INSERT INTO closeb_schema.OrderDetails(OrderID,ProductID,Quantity) VALUES (118,100,8);
INSERT INTO closeb_schema.OrderDetails(OrderID,ProductID,Quantity) VALUES (63,65,5);
INSERT INTO closeb_schema.OrderDetails(OrderID,ProductID,Quantity) VALUES (108,95,7);
INSERT INTO closeb_schema.OrderDetails(OrderID,ProductID,Quantity) VALUES (2,115,7);
INSERT INTO closeb_schema.OrderDetails(OrderID,ProductID,Quantity) VALUES (101,133,3);
INSERT INTO closeb_schema.OrderDetails(OrderID,ProductID,Quantity) VALUES (86,135,4);
INSERT INTO closeb_schema.OrderDetails(OrderID,ProductID,Quantity) VALUES (68,69,7);
INSERT INTO closeb_schema.OrderDetails(OrderID,ProductID,Quantity) VALUES (57,20,8);
INSERT INTO closeb_schema.OrderDetails(OrderID,ProductID,Quantity) VALUES (29,132,4);
INSERT INTO closeb_schema.OrderDetails(OrderID,ProductID,Quantity) VALUES (71,137,1);
INSERT INTO closeb_schema.OrderDetails(OrderID,ProductID,Quantity) VALUES (24,38,7);
INSERT INTO closeb_schema.OrderDetails(OrderID,ProductID,Quantity) VALUES (50,150,5);
INSERT INTO closeb_schema.OrderDetails(OrderID,ProductID,Quantity) VALUES (86,82,7);
INSERT INTO closeb_schema.OrderDetails(OrderID,ProductID,Quantity) VALUES (6,123,3);
INSERT INTO closeb_schema.OrderDetails(OrderID,ProductID,Quantity) VALUES (139,15,2);
INSERT INTO closeb_schema.OrderDetails(OrderID,ProductID,Quantity) VALUES (146,6,2);
INSERT INTO closeb_schema.OrderDetails(OrderID,ProductID,Quantity) VALUES (148,110,2);
INSERT INTO closeb_schema.OrderDetails(OrderID,ProductID,Quantity) VALUES (108,146,4);
INSERT INTO closeb_schema.OrderDetails(OrderID,ProductID,Quantity) VALUES (75,118,7);
INSERT INTO closeb_schema.OrderDetails(OrderID,ProductID,Quantity) VALUES (17,51,7);
INSERT INTO closeb_schema.OrderDetails(OrderID,ProductID,Quantity) VALUES (51,128,9);
INSERT INTO closeb_schema.OrderDetails(OrderID,ProductID,Quantity) VALUES (16,63,2);
INSERT INTO closeb_schema.OrderDetails(OrderID,ProductID,Quantity) VALUES (130,97,6);
INSERT INTO closeb_schema.OrderDetails(OrderID,ProductID,Quantity) VALUES (43,9,10);
INSERT INTO closeb_schema.OrderDetails(OrderID,ProductID,Quantity) VALUES (5,57,7);
INSERT INTO closeb_schema.OrderDetails(OrderID,ProductID,Quantity) VALUES (100,149,3);
INSERT INTO closeb_schema.OrderDetails(OrderID,ProductID,Quantity) VALUES (3,142,6);
INSERT INTO closeb_schema.OrderDetails(OrderID,ProductID,Quantity) VALUES (126,100,8);
INSERT INTO closeb_schema.OrderDetails(OrderID,ProductID,Quantity) VALUES (71,23,3);
INSERT INTO closeb_schema.OrderDetails(OrderID,ProductID,Quantity) VALUES (44,60,6);
INSERT INTO closeb_schema.OrderDetails(OrderID,ProductID,Quantity) VALUES (113,116,4);
INSERT INTO closeb_schema.OrderDetails(OrderID,ProductID,Quantity) VALUES (124,81,3);
INSERT INTO closeb_schema.OrderDetails(OrderID,ProductID,Quantity) VALUES (48,21,7);
INSERT INTO closeb_schema.OrderDetails(OrderID,ProductID,Quantity) VALUES (32,119,9);
INSERT INTO closeb_schema.OrderDetails(OrderID,ProductID,Quantity) VALUES (36,87,3);
INSERT INTO closeb_schema.OrderDetails(OrderID,ProductID,Quantity) VALUES (125,103,5);
INSERT INTO closeb_schema.OrderDetails(OrderID,ProductID,Quantity) VALUES (138,80,9);
INSERT INTO closeb_schema.OrderDetails(OrderID,ProductID,Quantity) VALUES (29,13,7);
INSERT INTO closeb_schema.OrderDetails(OrderID,ProductID,Quantity) VALUES (93,105,3);
INSERT INTO closeb_schema.OrderDetails(OrderID,ProductID,Quantity) VALUES (59,95,1);
INSERT INTO closeb_schema.OrderDetails(OrderID,ProductID,Quantity) VALUES (136,83,7);
INSERT INTO closeb_schema.OrderDetails(OrderID,ProductID,Quantity) VALUES (25,31,4);
INSERT INTO closeb_schema.OrderDetails(OrderID,ProductID,Quantity) VALUES (70,110,8);
INSERT INTO closeb_schema.OrderDetails(OrderID,ProductID,Quantity) VALUES (130,28,3);
INSERT INTO closeb_schema.OrderDetails(OrderID,ProductID,Quantity) VALUES (69,15,2);
INSERT INTO closeb_schema.OrderDetails(OrderID,ProductID,Quantity) VALUES (23,37,9);
INSERT INTO closeb_schema.OrderDetails(OrderID,ProductID,Quantity) VALUES (131,94,7);
INSERT INTO closeb_schema.OrderDetails(OrderID,ProductID,Quantity) VALUES (46,24,4);
INSERT INTO closeb_schema.OrderDetails(OrderID,ProductID,Quantity) VALUES (82,56,9);
INSERT INTO closeb_schema.OrderDetails(OrderID,ProductID,Quantity) VALUES (113,27,4);
INSERT INTO closeb_schema.OrderDetails(OrderID,ProductID,Quantity) VALUES (69,52,2);
INSERT INTO closeb_schema.OrderDetails(OrderID,ProductID,Quantity) VALUES (139,95,8);
INSERT INTO closeb_schema.OrderDetails(OrderID,ProductID,Quantity) VALUES (136,55,3);
INSERT INTO closeb_schema.OrderDetails(OrderID,ProductID,Quantity) VALUES (79,110,10);
INSERT INTO closeb_schema.OrderDetails(OrderID,ProductID,Quantity) VALUES (112,131,4);
INSERT INTO closeb_schema.OrderDetails(OrderID,ProductID,Quantity) VALUES (41,9,10);
INSERT INTO closeb_schema.OrderDetails(OrderID,ProductID,Quantity) VALUES (119,43,10);
INSERT INTO closeb_schema.OrderDetails(OrderID,ProductID,Quantity) VALUES (86,4,2);
INSERT INTO closeb_schema.OrderDetails(OrderID,ProductID,Quantity) VALUES (137,75,10);
INSERT INTO closeb_schema.OrderDetails(OrderID,ProductID,Quantity) VALUES (11,54,10);
INSERT INTO closeb_schema.OrderDetails(OrderID,ProductID,Quantity) VALUES (82,140,8);
INSERT INTO closeb_schema.OrderDetails(OrderID,ProductID,Quantity) VALUES (60,142,8);
INSERT INTO closeb_schema.OrderDetails(OrderID,ProductID,Quantity) VALUES (135,50,8);
INSERT INTO closeb_schema.OrderDetails(OrderID,ProductID,Quantity) VALUES (147,101,1);
INSERT INTO closeb_schema.OrderDetails(OrderID,ProductID,Quantity) VALUES (67,30,1);
INSERT INTO closeb_schema.OrderDetails(OrderID,ProductID,Quantity) VALUES (2,88,10);
INSERT INTO closeb_schema.OrderDetails(OrderID,ProductID,Quantity) VALUES (20,68,2);
INSERT INTO closeb_schema.OrderDetails(OrderID,ProductID,Quantity) VALUES (122,147,6);
INSERT INTO closeb_schema.OrderDetails(OrderID,ProductID,Quantity) VALUES (69,123,4);
INSERT INTO closeb_schema.OrderDetails(OrderID,ProductID,Quantity) VALUES (37,139,2);
INSERT INTO closeb_schema.OrderDetails(OrderID,ProductID,Quantity) VALUES (120,21,2);
INSERT INTO closeb_schema.OrderDetails(OrderID,ProductID,Quantity) VALUES (91,92,4);
INSERT INTO closeb_schema.OrderDetails(OrderID,ProductID,Quantity) VALUES (84,95,7);
INSERT INTO closeb_schema.OrderDetails(OrderID,ProductID,Quantity) VALUES (26,63,2);
INSERT INTO closeb_schema.OrderDetails(OrderID,ProductID,Quantity) VALUES (2,66,2);
INSERT INTO closeb_schema.OrderDetails(OrderID,ProductID,Quantity) VALUES (139,116,8);
INSERT INTO closeb_schema.OrderDetails(OrderID,ProductID,Quantity) VALUES (32,50,7);
INSERT INTO closeb_schema.OrderDetails(OrderID,ProductID,Quantity) VALUES (53,47,10);
INSERT INTO closeb_schema.OrderDetails(OrderID,ProductID,Quantity) VALUES (70,67,8);
INSERT INTO closeb_schema.OrderDetails(OrderID,ProductID,Quantity) VALUES (51,32,2);
INSERT INTO closeb_schema.OrderDetails(OrderID,ProductID,Quantity) VALUES (46,75,10);
INSERT INTO closeb_schema.OrderDetails(OrderID,ProductID,Quantity) VALUES (148,10,7);
INSERT INTO closeb_schema.OrderDetails(OrderID,ProductID,Quantity) VALUES (127,31,4);
INSERT INTO closeb_schema.OrderDetails(OrderID,ProductID,Quantity) VALUES (55,138,7);
INSERT INTO closeb_schema.OrderDetails(OrderID,ProductID,Quantity) VALUES (36,9,5);
INSERT INTO closeb_schema.OrderDetails(OrderID,ProductID,Quantity) VALUES (129,103,3);
INSERT INTO closeb_schema.OrderDetails(OrderID,ProductID,Quantity) VALUES (86,26,2);
INSERT INTO closeb_schema.OrderDetails(OrderID,ProductID,Quantity) VALUES (27,134,2);
INSERT INTO closeb_schema.OrderDetails(OrderID,ProductID,Quantity) VALUES (85,91,8);
INSERT INTO closeb_schema.OrderDetails(OrderID,ProductID,Quantity) VALUES (5,78,2);
INSERT INTO closeb_schema.OrderDetails(OrderID,ProductID,Quantity) VALUES (74,38,1);
INSERT INTO closeb_schema.OrderDetails(OrderID,ProductID,Quantity) VALUES (109,36,9);
INSERT INTO closeb_schema.OrderDetails(OrderID,ProductID,Quantity) VALUES (89,109,4);
INSERT INTO closeb_schema.OrderDetails(OrderID,ProductID,Quantity) VALUES (75,14,4);
INSERT INTO closeb_schema.OrderDetails(OrderID,ProductID,Quantity) VALUES (60,87,2);
INSERT INTO closeb_schema.OrderDetails(OrderID,ProductID,Quantity) VALUES (38,66,10);
INSERT INTO closeb_schema.OrderDetails(OrderID,ProductID,Quantity) VALUES (85,62,8);
INSERT INTO closeb_schema.OrderDetails(OrderID,ProductID,Quantity) VALUES (117,119,4);
INSERT INTO closeb_schema.OrderDetails(OrderID,ProductID,Quantity) VALUES (15,98,3);
INSERT INTO closeb_schema.OrderDetails(OrderID,ProductID,Quantity) VALUES (8,29,1);
INSERT INTO closeb_schema.OrderDetails(OrderID,ProductID,Quantity) VALUES (48,63,3);
INSERT INTO closeb_schema.OrderDetails(OrderID,ProductID,Quantity) VALUES (93,12,4);
INSERT INTO closeb_schema.OrderDetails(OrderID,ProductID,Quantity) VALUES (137,110,10);
INSERT INTO closeb_schema.OrderDetails(OrderID,ProductID,Quantity) VALUES (140,135,5);
INSERT INTO closeb_schema.OrderDetails(OrderID,ProductID,Quantity) VALUES (62,29,3);
INSERT INTO closeb_schema.OrderDetails(OrderID,ProductID,Quantity) VALUES (51,78,4);
INSERT INTO closeb_schema.OrderDetails(OrderID,ProductID,Quantity) VALUES (18,11,10);
INSERT INTO closeb_schema.OrderDetails(OrderID,ProductID,Quantity) VALUES (127,143,7);
INSERT INTO closeb_schema.OrderDetails(OrderID,ProductID,Quantity) VALUES (65,32,5);
INSERT INTO closeb_schema.OrderDetails(OrderID,ProductID,Quantity) VALUES (143,3,10);
INSERT INTO closeb_schema.OrderDetails(OrderID,ProductID,Quantity) VALUES (38,6,5);
INSERT INTO closeb_schema.OrderDetails(OrderID,ProductID,Quantity) VALUES (150,126,5);
INSERT INTO closeb_schema.OrderDetails(OrderID,ProductID,Quantity) VALUES (29,57,9);
INSERT INTO closeb_schema.OrderDetails(OrderID,ProductID,Quantity) VALUES (30,10,5);
INSERT INTO closeb_schema.OrderDetails(OrderID,ProductID,Quantity) VALUES (24,132,5);
INSERT INTO closeb_schema.OrderDetails(OrderID,ProductID,Quantity) VALUES (95,132,6);
INSERT INTO closeb_schema.OrderDetails(OrderID,ProductID,Quantity) VALUES (96,67,2);
INSERT INTO closeb_schema.OrderDetails(OrderID,ProductID,Quantity) VALUES (70,108,4);
INSERT INTO closeb_schema.OrderDetails(OrderID,ProductID,Quantity) VALUES (103,93,9);
INSERT INTO closeb_schema.OrderDetails(OrderID,ProductID,Quantity) VALUES (127,131,2);
INSERT INTO closeb_schema.OrderDetails(OrderID,ProductID,Quantity) VALUES (141,59,7);
INSERT INTO closeb_schema.OrderDetails(OrderID,ProductID,Quantity) VALUES (18,2,4);
INSERT INTO closeb_schema.OrderDetails(OrderID,ProductID,Quantity) VALUES (81,75,10);
INSERT INTO closeb_schema.OrderDetails(OrderID,ProductID,Quantity) VALUES (16,119,1);
INSERT INTO closeb_schema.OrderDetails(OrderID,ProductID,Quantity) VALUES (26,149,10);
INSERT INTO closeb_schema.OrderDetails(OrderID,ProductID,Quantity) VALUES (124,139,1);
INSERT INTO closeb_schema.OrderDetails(OrderID,ProductID,Quantity) VALUES (25,141,4);
INSERT INTO closeb_schema.OrderDetails(OrderID,ProductID,Quantity) VALUES (118,56,8);
INSERT INTO closeb_schema.OrderDetails(OrderID,ProductID,Quantity) VALUES (82,46,4);
INSERT INTO closeb_schema.OrderDetails(OrderID,ProductID,Quantity) VALUES (123,69,2);
INSERT INTO closeb_schema.OrderDetails(OrderID,ProductID,Quantity) VALUES (138,62,2);
INSERT INTO closeb_schema.OrderDetails(OrderID,ProductID,Quantity) VALUES (58,84,5);


-- Shipments
INSERT INTO closeb_schema.Shipments(ShipmentID,ShipmentCost,CarrierID,OrderID) VALUES (1,61,24,3);
INSERT INTO closeb_schema.Shipments(ShipmentID,ShipmentCost,CarrierID,OrderID) VALUES (2,68,2,24);
INSERT INTO closeb_schema.Shipments(ShipmentID,ShipmentCost,CarrierID,OrderID) VALUES (3,24,20,108);
INSERT INTO closeb_schema.Shipments(ShipmentID,ShipmentCost,CarrierID,OrderID) VALUES (4,83,28,23);
INSERT INTO closeb_schema.Shipments(ShipmentID,ShipmentCost,CarrierID,OrderID) VALUES (5,50,26,60);
INSERT INTO closeb_schema.Shipments(ShipmentID,ShipmentCost,CarrierID,OrderID) VALUES (6,41,10,143);
INSERT INTO closeb_schema.Shipments(ShipmentID,ShipmentCost,CarrierID,OrderID) VALUES (7,47,1,107);
INSERT INTO closeb_schema.Shipments(ShipmentID,ShipmentCost,CarrierID,OrderID) VALUES (8,4,25,56);
INSERT INTO closeb_schema.Shipments(ShipmentID,ShipmentCost,CarrierID,OrderID) VALUES (9,1,9,105);
INSERT INTO closeb_schema.Shipments(ShipmentID,ShipmentCost,CarrierID,OrderID) VALUES (10,19,40,39);
INSERT INTO closeb_schema.Shipments(ShipmentID,ShipmentCost,CarrierID,OrderID) VALUES (11,26,42,42);
INSERT INTO closeb_schema.Shipments(ShipmentID,ShipmentCost,CarrierID,OrderID) VALUES (12,13,27,143);
INSERT INTO closeb_schema.Shipments(ShipmentID,ShipmentCost,CarrierID,OrderID) VALUES (13,68,37,14);
INSERT INTO closeb_schema.Shipments(ShipmentID,ShipmentCost,CarrierID,OrderID) VALUES (14,36,34,23);
INSERT INTO closeb_schema.Shipments(ShipmentID,ShipmentCost,CarrierID,OrderID) VALUES (15,30,1,108);
INSERT INTO closeb_schema.Shipments(ShipmentID,ShipmentCost,CarrierID,OrderID) VALUES (16,37,33,147);
INSERT INTO closeb_schema.Shipments(ShipmentID,ShipmentCost,CarrierID,OrderID) VALUES (17,30,21,78);
INSERT INTO closeb_schema.Shipments(ShipmentID,ShipmentCost,CarrierID,OrderID) VALUES (18,59,37,24);
INSERT INTO closeb_schema.Shipments(ShipmentID,ShipmentCost,CarrierID,OrderID) VALUES (19,50,38,50);
INSERT INTO closeb_schema.Shipments(ShipmentID,ShipmentCost,CarrierID,OrderID) VALUES (20,37,28,76);
INSERT INTO closeb_schema.Shipments(ShipmentID,ShipmentCost,CarrierID,OrderID) VALUES (21,1,27,31);
INSERT INTO closeb_schema.Shipments(ShipmentID,ShipmentCost,CarrierID,OrderID) VALUES (22,22,8,15);
INSERT INTO closeb_schema.Shipments(ShipmentID,ShipmentCost,CarrierID,OrderID) VALUES (23,29,27,126);
INSERT INTO closeb_schema.Shipments(ShipmentID,ShipmentCost,CarrierID,OrderID) VALUES (24,80,31,5);
INSERT INTO closeb_schema.Shipments(ShipmentID,ShipmentCost,CarrierID,OrderID) VALUES (25,71,29,4);
INSERT INTO closeb_schema.Shipments(ShipmentID,ShipmentCost,CarrierID,OrderID) VALUES (26,44,39,131);
INSERT INTO closeb_schema.Shipments(ShipmentID,ShipmentCost,CarrierID,OrderID) VALUES (27,26,46,31);
INSERT INTO closeb_schema.Shipments(ShipmentID,ShipmentCost,CarrierID,OrderID) VALUES (28,58,20,56);
INSERT INTO closeb_schema.Shipments(ShipmentID,ShipmentCost,CarrierID,OrderID) VALUES (29,13,31,35);
INSERT INTO closeb_schema.Shipments(ShipmentID,ShipmentCost,CarrierID,OrderID) VALUES (30,82,47,36);
INSERT INTO closeb_schema.Shipments(ShipmentID,ShipmentCost,CarrierID,OrderID) VALUES (31,57,37,148);
INSERT INTO closeb_schema.Shipments(ShipmentID,ShipmentCost,CarrierID,OrderID) VALUES (32,84,49,87);
INSERT INTO closeb_schema.Shipments(ShipmentID,ShipmentCost,CarrierID,OrderID) VALUES (33,88,41,139);
INSERT INTO closeb_schema.Shipments(ShipmentID,ShipmentCost,CarrierID,OrderID) VALUES (34,79,12,89);
INSERT INTO closeb_schema.Shipments(ShipmentID,ShipmentCost,CarrierID,OrderID) VALUES (35,46,36,103);
INSERT INTO closeb_schema.Shipments(ShipmentID,ShipmentCost,CarrierID,OrderID) VALUES (36,78,15,116);
INSERT INTO closeb_schema.Shipments(ShipmentID,ShipmentCost,CarrierID,OrderID) VALUES (37,77,22,100);
INSERT INTO closeb_schema.Shipments(ShipmentID,ShipmentCost,CarrierID,OrderID) VALUES (38,57,6,134);
INSERT INTO closeb_schema.Shipments(ShipmentID,ShipmentCost,CarrierID,OrderID) VALUES (39,50,40,43);
INSERT INTO closeb_schema.Shipments(ShipmentID,ShipmentCost,CarrierID,OrderID) VALUES (40,17,8,125);
INSERT INTO closeb_schema.Shipments(ShipmentID,ShipmentCost,CarrierID,OrderID) VALUES (41,26,35,128);
INSERT INTO closeb_schema.Shipments(ShipmentID,ShipmentCost,CarrierID,OrderID) VALUES (42,11,30,141);
INSERT INTO closeb_schema.Shipments(ShipmentID,ShipmentCost,CarrierID,OrderID) VALUES (43,76,17,101);
INSERT INTO closeb_schema.Shipments(ShipmentID,ShipmentCost,CarrierID,OrderID) VALUES (44,12,49,5);
INSERT INTO closeb_schema.Shipments(ShipmentID,ShipmentCost,CarrierID,OrderID) VALUES (45,88,11,76);
INSERT INTO closeb_schema.Shipments(ShipmentID,ShipmentCost,CarrierID,OrderID) VALUES (46,39,27,19);
INSERT INTO closeb_schema.Shipments(ShipmentID,ShipmentCost,CarrierID,OrderID) VALUES (47,70,7,143);
INSERT INTO closeb_schema.Shipments(ShipmentID,ShipmentCost,CarrierID,OrderID) VALUES (48,59,45,9);
INSERT INTO closeb_schema.Shipments(ShipmentID,ShipmentCost,CarrierID,OrderID) VALUES (49,15,35,56);
INSERT INTO closeb_schema.Shipments(ShipmentID,ShipmentCost,CarrierID,OrderID) VALUES (50,96,26,57);
INSERT INTO closeb_schema.Shipments(ShipmentID,ShipmentCost,CarrierID,OrderID) VALUES (51,65,31,138);
INSERT INTO closeb_schema.Shipments(ShipmentID,ShipmentCost,CarrierID,OrderID) VALUES (52,48,49,111);
INSERT INTO closeb_schema.Shipments(ShipmentID,ShipmentCost,CarrierID,OrderID) VALUES (53,54,50,50);
INSERT INTO closeb_schema.Shipments(ShipmentID,ShipmentCost,CarrierID,OrderID) VALUES (54,6,34,69);
INSERT INTO closeb_schema.Shipments(ShipmentID,ShipmentCost,CarrierID,OrderID) VALUES (55,59,21,101);
INSERT INTO closeb_schema.Shipments(ShipmentID,ShipmentCost,CarrierID,OrderID) VALUES (56,100,14,47);
INSERT INTO closeb_schema.Shipments(ShipmentID,ShipmentCost,CarrierID,OrderID) VALUES (57,38,24,120);
INSERT INTO closeb_schema.Shipments(ShipmentID,ShipmentCost,CarrierID,OrderID) VALUES (58,32,19,68);
INSERT INTO closeb_schema.Shipments(ShipmentID,ShipmentCost,CarrierID,OrderID) VALUES (59,53,22,101);
INSERT INTO closeb_schema.Shipments(ShipmentID,ShipmentCost,CarrierID,OrderID) VALUES (60,55,14,26);
INSERT INTO closeb_schema.Shipments(ShipmentID,ShipmentCost,CarrierID,OrderID) VALUES (61,77,45,138);
INSERT INTO closeb_schema.Shipments(ShipmentID,ShipmentCost,CarrierID,OrderID) VALUES (62,14,12,133);
INSERT INTO closeb_schema.Shipments(ShipmentID,ShipmentCost,CarrierID,OrderID) VALUES (63,42,20,106);
INSERT INTO closeb_schema.Shipments(ShipmentID,ShipmentCost,CarrierID,OrderID) VALUES (64,49,22,54);
INSERT INTO closeb_schema.Shipments(ShipmentID,ShipmentCost,CarrierID,OrderID) VALUES (65,34,47,96);
INSERT INTO closeb_schema.Shipments(ShipmentID,ShipmentCost,CarrierID,OrderID) VALUES (66,51,38,82);
INSERT INTO closeb_schema.Shipments(ShipmentID,ShipmentCost,CarrierID,OrderID) VALUES (67,100,9,58);
INSERT INTO closeb_schema.Shipments(ShipmentID,ShipmentCost,CarrierID,OrderID) VALUES (68,18,10,144);
INSERT INTO closeb_schema.Shipments(ShipmentID,ShipmentCost,CarrierID,OrderID) VALUES (69,40,3,83);
INSERT INTO closeb_schema.Shipments(ShipmentID,ShipmentCost,CarrierID,OrderID) VALUES (70,72,19,30);
INSERT INTO closeb_schema.Shipments(ShipmentID,ShipmentCost,CarrierID,OrderID) VALUES (71,89,48,77);
INSERT INTO closeb_schema.Shipments(ShipmentID,ShipmentCost,CarrierID,OrderID) VALUES (72,96,32,130);
INSERT INTO closeb_schema.Shipments(ShipmentID,ShipmentCost,CarrierID,OrderID) VALUES (73,81,46,106);
INSERT INTO closeb_schema.Shipments(ShipmentID,ShipmentCost,CarrierID,OrderID) VALUES (74,92,23,145);
INSERT INTO closeb_schema.Shipments(ShipmentID,ShipmentCost,CarrierID,OrderID) VALUES (75,59,27,95);
INSERT INTO closeb_schema.Shipments(ShipmentID,ShipmentCost,CarrierID,OrderID) VALUES (76,12,29,97);
INSERT INTO closeb_schema.Shipments(ShipmentID,ShipmentCost,CarrierID,OrderID) VALUES (77,29,15,62);
INSERT INTO closeb_schema.Shipments(ShipmentID,ShipmentCost,CarrierID,OrderID) VALUES (78,68,31,50);
INSERT INTO closeb_schema.Shipments(ShipmentID,ShipmentCost,CarrierID,OrderID) VALUES (79,16,41,10);
INSERT INTO closeb_schema.Shipments(ShipmentID,ShipmentCost,CarrierID,OrderID) VALUES (80,37,20,46);
INSERT INTO closeb_schema.Shipments(ShipmentID,ShipmentCost,CarrierID,OrderID) VALUES (81,14,13,25);
INSERT INTO closeb_schema.Shipments(ShipmentID,ShipmentCost,CarrierID,OrderID) VALUES (82,78,50,66);
INSERT INTO closeb_schema.Shipments(ShipmentID,ShipmentCost,CarrierID,OrderID) VALUES (83,33,3,70);
INSERT INTO closeb_schema.Shipments(ShipmentID,ShipmentCost,CarrierID,OrderID) VALUES (84,31,35,53);
INSERT INTO closeb_schema.Shipments(ShipmentID,ShipmentCost,CarrierID,OrderID) VALUES (85,34,44,69);
INSERT INTO closeb_schema.Shipments(ShipmentID,ShipmentCost,CarrierID,OrderID) VALUES (86,12,30,109);
INSERT INTO closeb_schema.Shipments(ShipmentID,ShipmentCost,CarrierID,OrderID) VALUES (87,5,37,146);
INSERT INTO closeb_schema.Shipments(ShipmentID,ShipmentCost,CarrierID,OrderID) VALUES (88,14,19,53);
INSERT INTO closeb_schema.Shipments(ShipmentID,ShipmentCost,CarrierID,OrderID) VALUES (89,94,14,147);
INSERT INTO closeb_schema.Shipments(ShipmentID,ShipmentCost,CarrierID,OrderID) VALUES (90,36,11,35);
INSERT INTO closeb_schema.Shipments(ShipmentID,ShipmentCost,CarrierID,OrderID) VALUES (91,96,7,44);
INSERT INTO closeb_schema.Shipments(ShipmentID,ShipmentCost,CarrierID,OrderID) VALUES (92,52,18,68);
INSERT INTO closeb_schema.Shipments(ShipmentID,ShipmentCost,CarrierID,OrderID) VALUES (93,26,46,50);
INSERT INTO closeb_schema.Shipments(ShipmentID,ShipmentCost,CarrierID,OrderID) VALUES (94,74,24,110);
INSERT INTO closeb_schema.Shipments(ShipmentID,ShipmentCost,CarrierID,OrderID) VALUES (95,59,5,125);
INSERT INTO closeb_schema.Shipments(ShipmentID,ShipmentCost,CarrierID,OrderID) VALUES (96,100,3,28);
INSERT INTO closeb_schema.Shipments(ShipmentID,ShipmentCost,CarrierID,OrderID) VALUES (97,33,44,129);
INSERT INTO closeb_schema.Shipments(ShipmentID,ShipmentCost,CarrierID,OrderID) VALUES (98,3,25,144);
INSERT INTO closeb_schema.Shipments(ShipmentID,ShipmentCost,CarrierID,OrderID) VALUES (99,63,22,93);
INSERT INTO closeb_schema.Shipments(ShipmentID,ShipmentCost,CarrierID,OrderID) VALUES (100,55,32,25);
INSERT INTO closeb_schema.Shipments(ShipmentID,ShipmentCost,CarrierID,OrderID) VALUES (101,88,47,117);
INSERT INTO closeb_schema.Shipments(ShipmentID,ShipmentCost,CarrierID,OrderID) VALUES (102,78,18,142);
INSERT INTO closeb_schema.Shipments(ShipmentID,ShipmentCost,CarrierID,OrderID) VALUES (103,41,33,51);
INSERT INTO closeb_schema.Shipments(ShipmentID,ShipmentCost,CarrierID,OrderID) VALUES (104,26,1,5);
INSERT INTO closeb_schema.Shipments(ShipmentID,ShipmentCost,CarrierID,OrderID) VALUES (105,54,37,7);
INSERT INTO closeb_schema.Shipments(ShipmentID,ShipmentCost,CarrierID,OrderID) VALUES (106,61,16,30);
INSERT INTO closeb_schema.Shipments(ShipmentID,ShipmentCost,CarrierID,OrderID) VALUES (107,100,9,134);
INSERT INTO closeb_schema.Shipments(ShipmentID,ShipmentCost,CarrierID,OrderID) VALUES (108,25,33,121);
INSERT INTO closeb_schema.Shipments(ShipmentID,ShipmentCost,CarrierID,OrderID) VALUES (109,80,3,53);
INSERT INTO closeb_schema.Shipments(ShipmentID,ShipmentCost,CarrierID,OrderID) VALUES (110,93,1,69);
INSERT INTO closeb_schema.Shipments(ShipmentID,ShipmentCost,CarrierID,OrderID) VALUES (111,61,45,6);
INSERT INTO closeb_schema.Shipments(ShipmentID,ShipmentCost,CarrierID,OrderID) VALUES (112,54,11,88);
INSERT INTO closeb_schema.Shipments(ShipmentID,ShipmentCost,CarrierID,OrderID) VALUES (113,8,2,113);
INSERT INTO closeb_schema.Shipments(ShipmentID,ShipmentCost,CarrierID,OrderID) VALUES (114,98,17,45);
INSERT INTO closeb_schema.Shipments(ShipmentID,ShipmentCost,CarrierID,OrderID) VALUES (115,62,24,129);
INSERT INTO closeb_schema.Shipments(ShipmentID,ShipmentCost,CarrierID,OrderID) VALUES (116,25,29,25);
INSERT INTO closeb_schema.Shipments(ShipmentID,ShipmentCost,CarrierID,OrderID) VALUES (117,5,20,23);
INSERT INTO closeb_schema.Shipments(ShipmentID,ShipmentCost,CarrierID,OrderID) VALUES (118,93,50,26);
INSERT INTO closeb_schema.Shipments(ShipmentID,ShipmentCost,CarrierID,OrderID) VALUES (119,99,34,30);
INSERT INTO closeb_schema.Shipments(ShipmentID,ShipmentCost,CarrierID,OrderID) VALUES (120,57,34,134);
INSERT INTO closeb_schema.Shipments(ShipmentID,ShipmentCost,CarrierID,OrderID) VALUES (121,84,42,131);
INSERT INTO closeb_schema.Shipments(ShipmentID,ShipmentCost,CarrierID,OrderID) VALUES (122,75,33,88);
INSERT INTO closeb_schema.Shipments(ShipmentID,ShipmentCost,CarrierID,OrderID) VALUES (123,63,16,139);
INSERT INTO closeb_schema.Shipments(ShipmentID,ShipmentCost,CarrierID,OrderID) VALUES (124,20,25,74);
INSERT INTO closeb_schema.Shipments(ShipmentID,ShipmentCost,CarrierID,OrderID) VALUES (125,70,30,140);
INSERT INTO closeb_schema.Shipments(ShipmentID,ShipmentCost,CarrierID,OrderID) VALUES (126,71,32,65);
INSERT INTO closeb_schema.Shipments(ShipmentID,ShipmentCost,CarrierID,OrderID) VALUES (127,96,39,6);
INSERT INTO closeb_schema.Shipments(ShipmentID,ShipmentCost,CarrierID,OrderID) VALUES (128,2,46,139);
INSERT INTO closeb_schema.Shipments(ShipmentID,ShipmentCost,CarrierID,OrderID) VALUES (129,94,32,48);
INSERT INTO closeb_schema.Shipments(ShipmentID,ShipmentCost,CarrierID,OrderID) VALUES (130,52,13,36);
INSERT INTO closeb_schema.Shipments(ShipmentID,ShipmentCost,CarrierID,OrderID) VALUES (131,46,1,69);
INSERT INTO closeb_schema.Shipments(ShipmentID,ShipmentCost,CarrierID,OrderID) VALUES (132,89,23,19);
INSERT INTO closeb_schema.Shipments(ShipmentID,ShipmentCost,CarrierID,OrderID) VALUES (133,12,8,149);
INSERT INTO closeb_schema.Shipments(ShipmentID,ShipmentCost,CarrierID,OrderID) VALUES (134,22,25,14);
INSERT INTO closeb_schema.Shipments(ShipmentID,ShipmentCost,CarrierID,OrderID) VALUES (135,84,10,138);
INSERT INTO closeb_schema.Shipments(ShipmentID,ShipmentCost,CarrierID,OrderID) VALUES (136,32,42,54);
INSERT INTO closeb_schema.Shipments(ShipmentID,ShipmentCost,CarrierID,OrderID) VALUES (137,70,5,110);
INSERT INTO closeb_schema.Shipments(ShipmentID,ShipmentCost,CarrierID,OrderID) VALUES (138,1,35,111);
INSERT INTO closeb_schema.Shipments(ShipmentID,ShipmentCost,CarrierID,OrderID) VALUES (139,66,16,1);
INSERT INTO closeb_schema.Shipments(ShipmentID,ShipmentCost,CarrierID,OrderID) VALUES (140,11,37,140);
INSERT INTO closeb_schema.Shipments(ShipmentID,ShipmentCost,CarrierID,OrderID) VALUES (141,48,32,113);
INSERT INTO closeb_schema.Shipments(ShipmentID,ShipmentCost,CarrierID,OrderID) VALUES (142,39,30,118);
INSERT INTO closeb_schema.Shipments(ShipmentID,ShipmentCost,CarrierID,OrderID) VALUES (143,72,36,127);
INSERT INTO closeb_schema.Shipments(ShipmentID,ShipmentCost,CarrierID,OrderID) VALUES (144,98,49,19);
INSERT INTO closeb_schema.Shipments(ShipmentID,ShipmentCost,CarrierID,OrderID) VALUES (145,12,2,40);
INSERT INTO closeb_schema.Shipments(ShipmentID,ShipmentCost,CarrierID,OrderID) VALUES (146,60,22,17);
INSERT INTO closeb_schema.Shipments(ShipmentID,ShipmentCost,CarrierID,OrderID) VALUES (147,53,20,77);
INSERT INTO closeb_schema.Shipments(ShipmentID,ShipmentCost,CarrierID,OrderID) VALUES (148,88,29,125);
INSERT INTO closeb_schema.Shipments(ShipmentID,ShipmentCost,CarrierID,OrderID) VALUES (149,59,41,98);
INSERT INTO closeb_schema.Shipments(ShipmentID,ShipmentCost,CarrierID,OrderID) VALUES (150,31,21,91);


-- Wish_lists
INSERT INTO Wish_lists(WishID,Name,CustomerID) VALUES (1,'Wanids Waghorne',47);
INSERT INTO Wish_lists(WishID,Name,CustomerID) VALUES (2,'Marni Braunroth',1);
INSERT INTO Wish_lists(WishID,Name,CustomerID) VALUES (3,'Omar Reding',19);
INSERT INTO Wish_lists(WishID,Name,CustomerID) VALUES (4,'Stoddard Delle',11);
INSERT INTO Wish_lists(WishID,Name,CustomerID) VALUES (5,'Sebastian Castilla',34);
INSERT INTO Wish_lists(WishID,Name,CustomerID) VALUES (6,'Burk Mapplebeck',49);
INSERT INTO Wish_lists(WishID,Name,CustomerID) VALUES (7,'Durand Hannum',36);
INSERT INTO Wish_lists(WishID,Name,CustomerID) VALUES (8,'Tabatha Pedden',16);
INSERT INTO Wish_lists(WishID,Name,CustomerID) VALUES (9,'Rip Fallowfield',36);
INSERT INTO Wish_lists(WishID,Name,CustomerID) VALUES (10,'Bird McDermott-Row',25);
INSERT INTO Wish_lists(WishID,Name,CustomerID) VALUES (11,'Thorvald Engel',4);
INSERT INTO Wish_lists(WishID,Name,CustomerID) VALUES (12,'Turner Jodrellec',31);
INSERT INTO Wish_lists(WishID,Name,CustomerID) VALUES (13,'Trumann Charrier',18);
INSERT INTO Wish_lists(WishID,Name,CustomerID) VALUES (14,'Kennedy Krishtopaittis',9);
INSERT INTO Wish_lists(WishID,Name,CustomerID) VALUES (15,'Jolynn Paylor',33);
INSERT INTO Wish_lists(WishID,Name,CustomerID) VALUES (16,'Vincent Plum',34);
INSERT INTO Wish_lists(WishID,Name,CustomerID) VALUES (17,'Nikki Madge',36);
INSERT INTO Wish_lists(WishID,Name,CustomerID) VALUES (18,'Alisander Schimke',26);
INSERT INTO Wish_lists(WishID,Name,CustomerID) VALUES (19,'Stefanie Deniskevich',13);
INSERT INTO Wish_lists(WishID,Name,CustomerID) VALUES (20,'Harvey Jewers',4);
INSERT INTO Wish_lists(WishID,Name,CustomerID) VALUES (21,'Devondra Mowne',31);
INSERT INTO Wish_lists(WishID,Name,CustomerID) VALUES (22,'Isobel Twort',6);
INSERT INTO Wish_lists(WishID,Name,CustomerID) VALUES (23,'Margareta Knifton',24);
INSERT INTO Wish_lists(WishID,Name,CustomerID) VALUES (24,'Jsandye Jendrich',41);
INSERT INTO Wish_lists(WishID,Name,CustomerID) VALUES (25,'Dennet Longhorne',35);
INSERT INTO Wish_lists(WishID,Name,CustomerID) VALUES (26,'Concordia Nare',13);
INSERT INTO Wish_lists(WishID,Name,CustomerID) VALUES (27,'Shelli De Miranda',32);
INSERT INTO Wish_lists(WishID,Name,CustomerID) VALUES (28,'Merrill Voysey',4);
INSERT INTO Wish_lists(WishID,Name,CustomerID) VALUES (29,'Biddie Gerrelts',34);
INSERT INTO Wish_lists(WishID,Name,CustomerID) VALUES (30,'Gabie Rogister',16);
INSERT INTO Wish_lists(WishID,Name,CustomerID) VALUES (31,'Luelle Zavattari',15);
INSERT INTO Wish_lists(WishID,Name,CustomerID) VALUES (32,'Ronica Lamanby',25);
INSERT INTO Wish_lists(WishID,Name,CustomerID) VALUES (33,'Casey Tuckett',3);
INSERT INTO Wish_lists(WishID,Name,CustomerID) VALUES (34,'Egor Gregoraci',17);
INSERT INTO Wish_lists(WishID,Name,CustomerID) VALUES (35,'Leonard Jukes',44);
INSERT INTO Wish_lists(WishID,Name,CustomerID) VALUES (36,'Dukie Udy',43);
INSERT INTO Wish_lists(WishID,Name,CustomerID) VALUES (37,'Ethelin Hathaway',6);
INSERT INTO Wish_lists(WishID,Name,CustomerID) VALUES (38,'Janos Carrigan',18);
INSERT INTO Wish_lists(WishID,Name,CustomerID) VALUES (39,'Vin Pettyfar',15);
INSERT INTO Wish_lists(WishID,Name,CustomerID) VALUES (40,'Aurlie Tenbrug',7);
INSERT INTO Wish_lists(WishID,Name,CustomerID) VALUES (41,'Jillane Kayne',35);
INSERT INTO Wish_lists(WishID,Name,CustomerID) VALUES (42,'Shae Younie',42);
INSERT INTO Wish_lists(WishID,Name,CustomerID) VALUES (43,'Lettie Cromleholme',16);
INSERT INTO Wish_lists(WishID,Name,CustomerID) VALUES (44,'Dosi Maryska',14);
INSERT INTO Wish_lists(WishID,Name,CustomerID) VALUES (45,'Susi Sherwin',9);
INSERT INTO Wish_lists(WishID,Name,CustomerID) VALUES (46,'Karisa McSparran',38);
INSERT INTO Wish_lists(WishID,Name,CustomerID) VALUES (47,'Mordy Leeuwerink',37);
INSERT INTO Wish_lists(WishID,Name,CustomerID) VALUES (48,'Dora Ivashinnikov',19);
INSERT INTO Wish_lists(WishID,Name,CustomerID) VALUES (49,'D''arcy Degli Antoni',36);
INSERT INTO Wish_lists(WishID,Name,CustomerID) VALUES (50,'Stern Buttrey',42);
INSERT INTO Wish_lists(WishID,Name,CustomerID) VALUES (51,'Cyrus Hulls',1);
INSERT INTO Wish_lists(WishID,Name,CustomerID) VALUES (52,'Ora Audritt',30);
INSERT INTO Wish_lists(WishID,Name,CustomerID) VALUES (53,'Herc Hiscoke',49);
INSERT INTO Wish_lists(WishID,Name,CustomerID) VALUES (54,'Danni Ceschi',12);
INSERT INTO Wish_lists(WishID,Name,CustomerID) VALUES (55,'Johnnie O''Driscoll',39);
INSERT INTO Wish_lists(WishID,Name,CustomerID) VALUES (56,'Milicent Uc',17);
INSERT INTO Wish_lists(WishID,Name,CustomerID) VALUES (57,'Sampson Rowles',20);
INSERT INTO Wish_lists(WishID,Name,CustomerID) VALUES (58,'Jobyna Poynzer',25);
INSERT INTO Wish_lists(WishID,Name,CustomerID) VALUES (59,'Libbie Colafate',46);
INSERT INTO Wish_lists(WishID,Name,CustomerID) VALUES (60,'Kirstin Haithwaite',35);
INSERT INTO Wish_lists(WishID,Name,CustomerID) VALUES (61,'Reuven Christofle',43);
INSERT INTO Wish_lists(WishID,Name,CustomerID) VALUES (62,'Lenora Leuren',16);
INSERT INTO Wish_lists(WishID,Name,CustomerID) VALUES (63,'Licha Apted',1);
INSERT INTO Wish_lists(WishID,Name,CustomerID) VALUES (64,'Nikoletta Rivers',34);
INSERT INTO Wish_lists(WishID,Name,CustomerID) VALUES (65,'Archaimbaud Oehme',50);
INSERT INTO Wish_lists(WishID,Name,CustomerID) VALUES (66,'Emlynne Cornelis',3);
INSERT INTO Wish_lists(WishID,Name,CustomerID) VALUES (67,'Adele Ecclestone',16);
INSERT INTO Wish_lists(WishID,Name,CustomerID) VALUES (68,'Harlie Tupp',15);
INSERT INTO Wish_lists(WishID,Name,CustomerID) VALUES (69,'Cristian Shieber',24);
INSERT INTO Wish_lists(WishID,Name,CustomerID) VALUES (70,'Mayer Crayton',2);
INSERT INTO Wish_lists(WishID,Name,CustomerID) VALUES (71,'Shayna Falloon',8);
INSERT INTO Wish_lists(WishID,Name,CustomerID) VALUES (72,'Roderich Woolfoot',25);
INSERT INTO Wish_lists(WishID,Name,CustomerID) VALUES (73,'Karim Linger',1);
INSERT INTO Wish_lists(WishID,Name,CustomerID) VALUES (74,'Dolores Pund',28);
INSERT INTO Wish_lists(WishID,Name,CustomerID) VALUES (75,'Brina Millea',12);
INSERT INTO Wish_lists(WishID,Name,CustomerID) VALUES (76,'Sindee Dignan',10);
INSERT INTO Wish_lists(WishID,Name,CustomerID) VALUES (77,'Johannah Caven',43);
INSERT INTO Wish_lists(WishID,Name,CustomerID) VALUES (78,'Ruperta Fossitt',29);
INSERT INTO Wish_lists(WishID,Name,CustomerID) VALUES (79,'Devin McGeechan',22);
INSERT INTO Wish_lists(WishID,Name,CustomerID) VALUES (80,'Ephrem Scanes',28);
INSERT INTO Wish_lists(WishID,Name,CustomerID) VALUES (81,'Devlen Gostage',15);
INSERT INTO Wish_lists(WishID,Name,CustomerID) VALUES (82,'Quintana Dunklee',48);
INSERT INTO Wish_lists(WishID,Name,CustomerID) VALUES (83,'Tremaine Filintsev',41);
INSERT INTO Wish_lists(WishID,Name,CustomerID) VALUES (84,'Christal McRinn',33);
INSERT INTO Wish_lists(WishID,Name,CustomerID) VALUES (85,'Sibylla Glabach',37);
INSERT INTO Wish_lists(WishID,Name,CustomerID) VALUES (86,'Georgie Herrero',9);
INSERT INTO Wish_lists(WishID,Name,CustomerID) VALUES (87,'Tally Orrow',28);
INSERT INTO Wish_lists(WishID,Name,CustomerID) VALUES (88,'Brit Rickcord',49);
INSERT INTO Wish_lists(WishID,Name,CustomerID) VALUES (89,'Conan Dearman',14);
INSERT INTO Wish_lists(WishID,Name,CustomerID) VALUES (90,'Burl Saben',33);
INSERT INTO Wish_lists(WishID,Name,CustomerID) VALUES (91,'Faun Leythley',38);
INSERT INTO Wish_lists(WishID,Name,CustomerID) VALUES (92,'Maurits Husset',40);
INSERT INTO Wish_lists(WishID,Name,CustomerID) VALUES (93,'Aeriel Nielson',25);
INSERT INTO Wish_lists(WishID,Name,CustomerID) VALUES (94,'Olia Supple',17);
INSERT INTO Wish_lists(WishID,Name,CustomerID) VALUES (95,'Gradeigh Winfindale',28);
INSERT INTO Wish_lists(WishID,Name,CustomerID) VALUES (96,'Swen Wheatman',5);
INSERT INTO Wish_lists(WishID,Name,CustomerID) VALUES (97,'Yankee Gregg',43);
INSERT INTO Wish_lists(WishID,Name,CustomerID) VALUES (98,'Gardy Northridge',31);
INSERT INTO Wish_lists(WishID,Name,CustomerID) VALUES (99,'Janel Chaudret',4);
INSERT INTO Wish_lists(WishID,Name,CustomerID) VALUES (100,'Victoir Ivanov',47);
INSERT INTO Wish_lists(WishID,Name,CustomerID) VALUES (101,'Terrell Flood',7);
INSERT INTO Wish_lists(WishID,Name,CustomerID) VALUES (102,'Benedetto Berr',22);
INSERT INTO Wish_lists(WishID,Name,CustomerID) VALUES (103,'Zebulon Livezley',46);
INSERT INTO Wish_lists(WishID,Name,CustomerID) VALUES (104,'Blaine Stracey',32);
INSERT INTO Wish_lists(WishID,Name,CustomerID) VALUES (105,'Frances Thys',33);
INSERT INTO Wish_lists(WishID,Name,CustomerID) VALUES (106,'Daisy McMennum',14);
INSERT INTO Wish_lists(WishID,Name,CustomerID) VALUES (107,'Janis Cottesford',34);
INSERT INTO Wish_lists(WishID,Name,CustomerID) VALUES (108,'Hewe Inkster',50);
INSERT INTO Wish_lists(WishID,Name,CustomerID) VALUES (109,'Riannon Yetts',6);
INSERT INTO Wish_lists(WishID,Name,CustomerID) VALUES (110,'Gena Eddis',13);
INSERT INTO Wish_lists(WishID,Name,CustomerID) VALUES (111,'Gayle Heineking',44);
INSERT INTO Wish_lists(WishID,Name,CustomerID) VALUES (112,'Toddy Tissiman',11);
INSERT INTO Wish_lists(WishID,Name,CustomerID) VALUES (113,'Mathilda Angood',32);
INSERT INTO Wish_lists(WishID,Name,CustomerID) VALUES (114,'Helen-elizabeth Mangenet',28);
INSERT INTO Wish_lists(WishID,Name,CustomerID) VALUES (115,'Fairfax Mattiacci',14);
INSERT INTO Wish_lists(WishID,Name,CustomerID) VALUES (116,'Josie Kenwin',39);
INSERT INTO Wish_lists(WishID,Name,CustomerID) VALUES (117,'Ware Jeeks',7);
INSERT INTO Wish_lists(WishID,Name,CustomerID) VALUES (118,'Joya Bines',2);
INSERT INTO Wish_lists(WishID,Name,CustomerID) VALUES (119,'Jessee Brushfield',1);
INSERT INTO Wish_lists(WishID,Name,CustomerID) VALUES (120,'Robby Fishburn',50);
INSERT INTO Wish_lists(WishID,Name,CustomerID) VALUES (121,'Henry Dawidowitz',11);
INSERT INTO Wish_lists(WishID,Name,CustomerID) VALUES (122,'Dreddy Giddy',41);
INSERT INTO Wish_lists(WishID,Name,CustomerID) VALUES (123,'Julienne Sydall',20);
INSERT INTO Wish_lists(WishID,Name,CustomerID) VALUES (124,'Evangelina Marlon',38);
INSERT INTO Wish_lists(WishID,Name,CustomerID) VALUES (125,'Donielle Stickney',10);
INSERT INTO Wish_lists(WishID,Name,CustomerID) VALUES (126,'Patten Brisbane',37);
INSERT INTO Wish_lists(WishID,Name,CustomerID) VALUES (127,'Galen Farquarson',27);
INSERT INTO Wish_lists(WishID,Name,CustomerID) VALUES (128,'Coral Basnall',12);
INSERT INTO Wish_lists(WishID,Name,CustomerID) VALUES (129,'Patrizio Regina',1);
INSERT INTO Wish_lists(WishID,Name,CustomerID) VALUES (130,'Regan Craze',40);
INSERT INTO Wish_lists(WishID,Name,CustomerID) VALUES (131,'Marybeth Bartoszinski',20);
INSERT INTO Wish_lists(WishID,Name,CustomerID) VALUES (132,'Juliet Favel',45);
INSERT INTO Wish_lists(WishID,Name,CustomerID) VALUES (133,'Davey Von Hindenburg',37);
INSERT INTO Wish_lists(WishID,Name,CustomerID) VALUES (134,'Ephraim Branchett',17);
INSERT INTO Wish_lists(WishID,Name,CustomerID) VALUES (135,'Tracey Godby',6);
INSERT INTO Wish_lists(WishID,Name,CustomerID) VALUES (136,'Cherilyn Destouche',37);
INSERT INTO Wish_lists(WishID,Name,CustomerID) VALUES (137,'Laura Brewins',18);
INSERT INTO Wish_lists(WishID,Name,CustomerID) VALUES (138,'Ronda Paal',41);
INSERT INTO Wish_lists(WishID,Name,CustomerID) VALUES (139,'Arri Tatham',47);
INSERT INTO Wish_lists(WishID,Name,CustomerID) VALUES (140,'Trip Warwicker',31);
INSERT INTO Wish_lists(WishID,Name,CustomerID) VALUES (141,'Gibbie Richardt',11);
INSERT INTO Wish_lists(WishID,Name,CustomerID) VALUES (142,'Eadmund Tonge',7);
INSERT INTO Wish_lists(WishID,Name,CustomerID) VALUES (143,'Raymund Summerson',25);
INSERT INTO Wish_lists(WishID,Name,CustomerID) VALUES (144,'Sula Judkins',26);
INSERT INTO Wish_lists(WishID,Name,CustomerID) VALUES (145,'Jacinda Klainer',46);
INSERT INTO Wish_lists(WishID,Name,CustomerID) VALUES (146,'Colin Clutterbuck',8);
INSERT INTO Wish_lists(WishID,Name,CustomerID) VALUES (147,'Franky Yonnie',14);
INSERT INTO Wish_lists(WishID,Name,CustomerID) VALUES (148,'Dorey Mulderrig',23);
INSERT INTO Wish_lists(WishID,Name,CustomerID) VALUES (149,'Gasper Bath',15);
INSERT INTO Wish_lists(WishID,Name,CustomerID) VALUES (150,'Waylon Stennard',22);

-- Wish_item
INSERT INTO Wish_item(WishID,ProductID) VALUES (17,62);
INSERT INTO Wish_item(WishID,ProductID) VALUES (140,95);
INSERT INTO Wish_item(WishID,ProductID) VALUES (20,65);
INSERT INTO Wish_item(WishID,ProductID) VALUES (134,17);
INSERT INTO Wish_item(WishID,ProductID) VALUES (31,31);
INSERT INTO Wish_item(WishID,ProductID) VALUES (80,34);
INSERT INTO Wish_item(WishID,ProductID) VALUES (149,132);
INSERT INTO Wish_item(WishID,ProductID) VALUES (65,137);
INSERT INTO Wish_item(WishID,ProductID) VALUES (102,29);
INSERT INTO Wish_item(WishID,ProductID) VALUES (46,10);
INSERT INTO Wish_item(WishID,ProductID) VALUES (21,100);
INSERT INTO Wish_item(WishID,ProductID) VALUES (36,60);
INSERT INTO Wish_item(WishID,ProductID) VALUES (19,67);
INSERT INTO Wish_item(WishID,ProductID) VALUES (82,40);
INSERT INTO Wish_item(WishID,ProductID) VALUES (52,88);
INSERT INTO Wish_item(WishID,ProductID) VALUES (42,24);
INSERT INTO Wish_item(WishID,ProductID) VALUES (88,7);
INSERT INTO Wish_item(WishID,ProductID) VALUES (121,59);
INSERT INTO Wish_item(WishID,ProductID) VALUES (56,31);
INSERT INTO Wish_item(WishID,ProductID) VALUES (72,139);
INSERT INTO Wish_item(WishID,ProductID) VALUES (67,144);
INSERT INTO Wish_item(WishID,ProductID) VALUES (27,91);
INSERT INTO Wish_item(WishID,ProductID) VALUES (139,49);
INSERT INTO Wish_item(WishID,ProductID) VALUES (94,106);
INSERT INTO Wish_item(WishID,ProductID) VALUES (46,58);
INSERT INTO Wish_item(WishID,ProductID) VALUES (79,81);
INSERT INTO Wish_item(WishID,ProductID) VALUES (122,104);
INSERT INTO Wish_item(WishID,ProductID) VALUES (137,77);
INSERT INTO Wish_item(WishID,ProductID) VALUES (72,116);
INSERT INTO Wish_item(WishID,ProductID) VALUES (112,136);
INSERT INTO Wish_item(WishID,ProductID) VALUES (111,83);
INSERT INTO Wish_item(WishID,ProductID) VALUES (150,62);
INSERT INTO Wish_item(WishID,ProductID) VALUES (1,3);
INSERT INTO Wish_item(WishID,ProductID) VALUES (55,29);
INSERT INTO Wish_item(WishID,ProductID) VALUES (66,17);
INSERT INTO Wish_item(WishID,ProductID) VALUES (13,31);
INSERT INTO Wish_item(WishID,ProductID) VALUES (136,123);
INSERT INTO Wish_item(WishID,ProductID) VALUES (145,33);
INSERT INTO Wish_item(WishID,ProductID) VALUES (88,50);
INSERT INTO Wish_item(WishID,ProductID) VALUES (86,46);
INSERT INTO Wish_item(WishID,ProductID) VALUES (66,81);
INSERT INTO Wish_item(WishID,ProductID) VALUES (55,97);
INSERT INTO Wish_item(WishID,ProductID) VALUES (142,115);
INSERT INTO Wish_item(WishID,ProductID) VALUES (93,129);
INSERT INTO Wish_item(WishID,ProductID) VALUES (129,78);
INSERT INTO Wish_item(WishID,ProductID) VALUES (150,70);
INSERT INTO Wish_item(WishID,ProductID) VALUES (54,37);
INSERT INTO Wish_item(WishID,ProductID) VALUES (58,116);
INSERT INTO Wish_item(WishID,ProductID) VALUES (105,24);
INSERT INTO Wish_item(WishID,ProductID) VALUES (19,65);
INSERT INTO Wish_item(WishID,ProductID) VALUES (150,72);
INSERT INTO Wish_item(WishID,ProductID) VALUES (3,42);
INSERT INTO Wish_item(WishID,ProductID) VALUES (12,46);
INSERT INTO Wish_item(WishID,ProductID) VALUES (120,145);
INSERT INTO Wish_item(WishID,ProductID) VALUES (90,148);
INSERT INTO Wish_item(WishID,ProductID) VALUES (82,88);
INSERT INTO Wish_item(WishID,ProductID) VALUES (29,104);
INSERT INTO Wish_item(WishID,ProductID) VALUES (57,68);
INSERT INTO Wish_item(WishID,ProductID) VALUES (115,77);
INSERT INTO Wish_item(WishID,ProductID) VALUES (74,19);
INSERT INTO Wish_item(WishID,ProductID) VALUES (94,129);
INSERT INTO Wish_item(WishID,ProductID) VALUES (98,43);
INSERT INTO Wish_item(WishID,ProductID) VALUES (72,93);
INSERT INTO Wish_item(WishID,ProductID) VALUES (78,104);
INSERT INTO Wish_item(WishID,ProductID) VALUES (58,127);
INSERT INTO Wish_item(WishID,ProductID) VALUES (110,7);
INSERT INTO Wish_item(WishID,ProductID) VALUES (30,108);
INSERT INTO Wish_item(WishID,ProductID) VALUES (49,56);
INSERT INTO Wish_item(WishID,ProductID) VALUES (44,13);
INSERT INTO Wish_item(WishID,ProductID) VALUES (5,97);
INSERT INTO Wish_item(WishID,ProductID) VALUES (102,76);
INSERT INTO Wish_item(WishID,ProductID) VALUES (116,29);
INSERT INTO Wish_item(WishID,ProductID) VALUES (59,51);
INSERT INTO Wish_item(WishID,ProductID) VALUES (85,110);
INSERT INTO Wish_item(WishID,ProductID) VALUES (66,143);
INSERT INTO Wish_item(WishID,ProductID) VALUES (141,31);
INSERT INTO Wish_item(WishID,ProductID) VALUES (89,21);
INSERT INTO Wish_item(WishID,ProductID) VALUES (138,2);
INSERT INTO Wish_item(WishID,ProductID) VALUES (77,89);
INSERT INTO Wish_item(WishID,ProductID) VALUES (39,150);
INSERT INTO Wish_item(WishID,ProductID) VALUES (135,50);
INSERT INTO Wish_item(WishID,ProductID) VALUES (12,110);
INSERT INTO Wish_item(WishID,ProductID) VALUES (101,78);
INSERT INTO Wish_item(WishID,ProductID) VALUES (22,130);
INSERT INTO Wish_item(WishID,ProductID) VALUES (136,19);
INSERT INTO Wish_item(WishID,ProductID) VALUES (144,83);
INSERT INTO Wish_item(WishID,ProductID) VALUES (47,79);
INSERT INTO Wish_item(WishID,ProductID) VALUES (41,102);
INSERT INTO Wish_item(WishID,ProductID) VALUES (135,68);
INSERT INTO Wish_item(WishID,ProductID) VALUES (74,150);
INSERT INTO Wish_item(WishID,ProductID) VALUES (98,90);
INSERT INTO Wish_item(WishID,ProductID) VALUES (149,130);
INSERT INTO Wish_item(WishID,ProductID) VALUES (129,108);
INSERT INTO Wish_item(WishID,ProductID) VALUES (28,117);
INSERT INTO Wish_item(WishID,ProductID) VALUES (68,68);
INSERT INTO Wish_item(WishID,ProductID) VALUES (105,146);
INSERT INTO Wish_item(WishID,ProductID) VALUES (62,42);
INSERT INTO Wish_item(WishID,ProductID) VALUES (95,134);
INSERT INTO Wish_item(WishID,ProductID) VALUES (74,114);
INSERT INTO Wish_item(WishID,ProductID) VALUES (5,51);
INSERT INTO Wish_item(WishID,ProductID) VALUES (79,73);
INSERT INTO Wish_item(WishID,ProductID) VALUES (67,49);
INSERT INTO Wish_item(WishID,ProductID) VALUES (97,72);
INSERT INTO Wish_item(WishID,ProductID) VALUES (120,41);
INSERT INTO Wish_item(WishID,ProductID) VALUES (49,57);
INSERT INTO Wish_item(WishID,ProductID) VALUES (104,82);
INSERT INTO Wish_item(WishID,ProductID) VALUES (52,49);
INSERT INTO Wish_item(WishID,ProductID) VALUES (105,46);
INSERT INTO Wish_item(WishID,ProductID) VALUES (39,20);
INSERT INTO Wish_item(WishID,ProductID) VALUES (94,100);
INSERT INTO Wish_item(WishID,ProductID) VALUES (41,34);
INSERT INTO Wish_item(WishID,ProductID) VALUES (150,45);
INSERT INTO Wish_item(WishID,ProductID) VALUES (1,52);
INSERT INTO Wish_item(WishID,ProductID) VALUES (99,73);
INSERT INTO Wish_item(WishID,ProductID) VALUES (148,49);
INSERT INTO Wish_item(WishID,ProductID) VALUES (5,60);
INSERT INTO Wish_item(WishID,ProductID) VALUES (18,83);
INSERT INTO Wish_item(WishID,ProductID) VALUES (136,126);
INSERT INTO Wish_item(WishID,ProductID) VALUES (40,21);
INSERT INTO Wish_item(WishID,ProductID) VALUES (51,1);
INSERT INTO Wish_item(WishID,ProductID) VALUES (23,119);
INSERT INTO Wish_item(WishID,ProductID) VALUES (89,4);
INSERT INTO Wish_item(WishID,ProductID) VALUES (56,57);
INSERT INTO Wish_item(WishID,ProductID) VALUES (115,2);
INSERT INTO Wish_item(WishID,ProductID) VALUES (59,116);
INSERT INTO Wish_item(WishID,ProductID) VALUES (116,102);
INSERT INTO Wish_item(WishID,ProductID) VALUES (119,61);
INSERT INTO Wish_item(WishID,ProductID) VALUES (125,77);
INSERT INTO Wish_item(WishID,ProductID) VALUES (91,59);
INSERT INTO Wish_item(WishID,ProductID) VALUES (102,25);
INSERT INTO Wish_item(WishID,ProductID) VALUES (107,38);
INSERT INTO Wish_item(WishID,ProductID) VALUES (42,69);
INSERT INTO Wish_item(WishID,ProductID) VALUES (2,62);
INSERT INTO Wish_item(WishID,ProductID) VALUES (149,115);
INSERT INTO Wish_item(WishID,ProductID) VALUES (142,129);
INSERT INTO Wish_item(WishID,ProductID) VALUES (110,89);
INSERT INTO Wish_item(WishID,ProductID) VALUES (144,143);
INSERT INTO Wish_item(WishID,ProductID) VALUES (130,95);
INSERT INTO Wish_item(WishID,ProductID) VALUES (97,99);
INSERT INTO Wish_item(WishID,ProductID) VALUES (39,50);
INSERT INTO Wish_item(WishID,ProductID) VALUES (52,6);
INSERT INTO Wish_item(WishID,ProductID) VALUES (93,125);
INSERT INTO Wish_item(WishID,ProductID) VALUES (4,131);
INSERT INTO Wish_item(WishID,ProductID) VALUES (74,139);
INSERT INTO Wish_item(WishID,ProductID) VALUES (5,9);
INSERT INTO Wish_item(WishID,ProductID) VALUES (86,27);
INSERT INTO Wish_item(WishID,ProductID) VALUES (108,75);
INSERT INTO Wish_item(WishID,ProductID) VALUES (31,12);
INSERT INTO Wish_item(WishID,ProductID) VALUES (46,74);
INSERT INTO Wish_item(WishID,ProductID) VALUES (120,134);


-- Social_Media
INSERT INTO Social_Media(Handle,BrandID) VALUES ('Quo Lux',1);
INSERT INTO Social_Media(Handle,BrandID) VALUES ('Latlux',43);
INSERT INTO Social_Media(Handle,BrandID) VALUES ('Daltfresh',26);
INSERT INTO Social_Media(Handle,BrandID) VALUES ('Tres-Zap',41);
INSERT INTO Social_Media(Handle,BrandID) VALUES ('Tresom',46);
INSERT INTO Social_Media(Handle,BrandID) VALUES ('Zaam-Dox',19);
INSERT INTO Social_Media(Handle,BrandID) VALUES ('Zoolab',24);
INSERT INTO Social_Media(Handle,BrandID) VALUES ('Flexidy',22);
INSERT INTO Social_Media(Handle,BrandID) VALUES ('Stronghold',11);
INSERT INTO Social_Media(Handle,BrandID) VALUES ('Voyatouch',41);
INSERT INTO Social_Media(Handle,BrandID) VALUES ('Vagram',7);
INSERT INTO Social_Media(Handle,BrandID) VALUES ('Y-find',49);
INSERT INTO Social_Media(Handle,BrandID) VALUES ('Solarbreeze',40);
INSERT INTO Social_Media(Handle,BrandID) VALUES ('Vagram',15);
INSERT INTO Social_Media(Handle,BrandID) VALUES ('Quo Lux',31);
INSERT INTO Social_Media(Handle,BrandID) VALUES ('Latlux',36);
INSERT INTO Social_Media(Handle,BrandID) VALUES ('Duobam',28);
INSERT INTO Social_Media(Handle,BrandID) VALUES ('Tampflex',11);
INSERT INTO Social_Media(Handle,BrandID) VALUES ('Fix San',16);
INSERT INTO Social_Media(Handle,BrandID) VALUES ('Zamit',7);
INSERT INTO Social_Media(Handle,BrandID) VALUES ('Lotstring',23);
INSERT INTO Social_Media(Handle,BrandID) VALUES ('Flexidy',28);
INSERT INTO Social_Media(Handle,BrandID) VALUES ('Latlux',18);
INSERT INTO Social_Media(Handle,BrandID) VALUES ('Latlux',35);
INSERT INTO Social_Media(Handle,BrandID) VALUES ('Viva',29);
INSERT INTO Social_Media(Handle,BrandID) VALUES ('Greenlam',40);
INSERT INTO Social_Media(Handle,BrandID) VALUES ('Y-find',1);
INSERT INTO Social_Media(Handle,BrandID) VALUES ('Job',39);
INSERT INTO Social_Media(Handle,BrandID) VALUES ('Transcof',28);
INSERT INTO Social_Media(Handle,BrandID) VALUES ('Treeflex',14);
INSERT INTO Social_Media(Handle,BrandID) VALUES ('Lotlux',11);
INSERT INTO Social_Media(Handle,BrandID) VALUES ('Wrapsafe',4);
INSERT INTO Social_Media(Handle,BrandID) VALUES ('Matsoft',22);
INSERT INTO Social_Media(Handle,BrandID) VALUES ('Prodder',47);
INSERT INTO Social_Media(Handle,BrandID) VALUES ('Overhold',19);
INSERT INTO Social_Media(Handle,BrandID) VALUES ('Voltsillam',45);
INSERT INTO Social_Media(Handle,BrandID) VALUES ('Duobam',26);
INSERT INTO Social_Media(Handle,BrandID) VALUES ('Trippledex',24);
INSERT INTO Social_Media(Handle,BrandID) VALUES ('Kanlam',19);
INSERT INTO Social_Media(Handle,BrandID) VALUES ('Opela',35);
INSERT INTO Social_Media(Handle,BrandID) VALUES ('Zontrax',46);
INSERT INTO Social_Media(Handle,BrandID) VALUES ('Transcof',10);
INSERT INTO Social_Media(Handle,BrandID) VALUES ('Gembucket',7);
INSERT INTO Social_Media(Handle,BrandID) VALUES ('Vagram',19);
INSERT INTO Social_Media(Handle,BrandID) VALUES ('Job',45);
INSERT INTO Social_Media(Handle,BrandID) VALUES ('Pannier',35);
INSERT INTO Social_Media(Handle,BrandID) VALUES ('Fixflex',32);
INSERT INTO Social_Media(Handle,BrandID) VALUES ('Andalax',1);
INSERT INTO Social_Media(Handle,BrandID) VALUES ('Zathin',13);
INSERT INTO Social_Media(Handle,BrandID) VALUES ('Tempsoft',17);
INSERT INTO Social_Media(Handle,BrandID) VALUES ('Y-Solowarm',6);
INSERT INTO Social_Media(Handle,BrandID) VALUES ('Y-Solowarm',45);
INSERT INTO Social_Media(Handle,BrandID) VALUES ('Regrant',15);
INSERT INTO Social_Media(Handle,BrandID) VALUES ('Hatity',10);
INSERT INTO Social_Media(Handle,BrandID) VALUES ('Cookley',21);
INSERT INTO Social_Media(Handle,BrandID) VALUES ('Subin',11);
INSERT INTO Social_Media(Handle,BrandID) VALUES ('Keylex',35);
INSERT INTO Social_Media(Handle,BrandID) VALUES ('Fintone',26);
INSERT INTO Social_Media(Handle,BrandID) VALUES ('Greenlam',24);
INSERT INTO Social_Media(Handle,BrandID) VALUES ('Home Ing',9);
INSERT INTO Social_Media(Handle,BrandID) VALUES ('Andalax',34);
INSERT INTO Social_Media(Handle,BrandID) VALUES ('Zontrax',1);
INSERT INTO Social_Media(Handle,BrandID) VALUES ('Zontrax',36);
INSERT INTO Social_Media(Handle,BrandID) VALUES ('Sonsing',25);
INSERT INTO Social_Media(Handle,BrandID) VALUES ('Otcom',44);
INSERT INTO Social_Media(Handle,BrandID) VALUES ('Zontrax',17);
INSERT INTO Social_Media(Handle,BrandID) VALUES ('Alpha',50);
INSERT INTO Social_Media(Handle,BrandID) VALUES ('Bitchip',45);
INSERT INTO Social_Media(Handle,BrandID) VALUES ('Flowdesk',30);
INSERT INTO Social_Media(Handle,BrandID) VALUES ('Stronghold',18);
INSERT INTO Social_Media(Handle,BrandID) VALUES ('Tampflex',34);
INSERT INTO Social_Media(Handle,BrandID) VALUES ('Otcom',5);
INSERT INTO Social_Media(Handle,BrandID) VALUES ('Span',21);
INSERT INTO Social_Media(Handle,BrandID) VALUES ('Y-find',2);
INSERT INTO Social_Media(Handle,BrandID) VALUES ('Mat Lam Tam',28);
INSERT INTO Social_Media(Handle,BrandID) VALUES ('Tresom',15);
INSERT INTO Social_Media(Handle,BrandID) VALUES ('Asoka',26);
INSERT INTO Social_Media(Handle,BrandID) VALUES ('Y-find',25);
INSERT INTO Social_Media(Handle,BrandID) VALUES ('Sonsing',45);
INSERT INTO Social_Media(Handle,BrandID) VALUES ('Daltfresh',35);
INSERT INTO Social_Media(Handle,BrandID) VALUES ('Subin',19);
INSERT INTO Social_Media(Handle,BrandID) VALUES ('Fixflex',16);
INSERT INTO Social_Media(Handle,BrandID) VALUES ('Solarbreeze',29);
INSERT INTO Social_Media(Handle,BrandID) VALUES ('Daltfresh',14);
INSERT INTO Social_Media(Handle,BrandID) VALUES ('Veribet',7);
INSERT INTO Social_Media(Handle,BrandID) VALUES ('Gembucket',21);
INSERT INTO Social_Media(Handle,BrandID) VALUES ('Job',49);
INSERT INTO Social_Media(Handle,BrandID) VALUES ('Tin',39);
INSERT INTO Social_Media(Handle,BrandID) VALUES ('Veribet',38);
INSERT INTO Social_Media(Handle,BrandID) VALUES ('Voyatouch',46);
INSERT INTO Social_Media(Handle,BrandID) VALUES ('Pannier',1);
INSERT INTO Social_Media(Handle,BrandID) VALUES ('Aerified',12);
INSERT INTO Social_Media(Handle,BrandID) VALUES ('Greenlam',32);
INSERT INTO Social_Media(Handle,BrandID) VALUES ('Home Ing',29);
INSERT INTO Social_Media(Handle,BrandID) VALUES ('Hatity',13);
INSERT INTO Social_Media(Handle,BrandID) VALUES ('Hatity',8);
INSERT INTO Social_Media(Handle,BrandID) VALUES ('Holdlamis',39);
INSERT INTO Social_Media(Handle,BrandID) VALUES ('Keylex',4);
INSERT INTO Social_Media(Handle,BrandID) VALUES ('Zathin',38);
INSERT INTO Social_Media(Handle,BrandID) VALUES ('Keylex',17);
INSERT INTO Social_Media(Handle,BrandID) VALUES ('Cardify',2);
INSERT INTO Social_Media(Handle,BrandID) VALUES ('Biodex',20);
INSERT INTO Social_Media(Handle,BrandID) VALUES ('Rank',32);
INSERT INTO Social_Media(Handle,BrandID) VALUES ('Tin',12);
INSERT INTO Social_Media(Handle,BrandID) VALUES ('Job',36);
INSERT INTO Social_Media(Handle,BrandID) VALUES ('Namfix',41);
INSERT INTO Social_Media(Handle,BrandID) VALUES ('Rank',19);
INSERT INTO Social_Media(Handle,BrandID) VALUES ('Stim',3);
INSERT INTO Social_Media(Handle,BrandID) VALUES ('Kanlam',46);
INSERT INTO Social_Media(Handle,BrandID) VALUES ('Stim',48);
INSERT INTO Social_Media(Handle,BrandID) VALUES ('Bigtax',20);
INSERT INTO Social_Media(Handle,BrandID) VALUES ('Konklux',42);
INSERT INTO Social_Media(Handle,BrandID) VALUES ('Zamit',14);
INSERT INTO Social_Media(Handle,BrandID) VALUES ('Sonsing',42);
INSERT INTO Social_Media(Handle,BrandID) VALUES ('Fixflex',44);
INSERT INTO Social_Media(Handle,BrandID) VALUES ('Voltsillam',45);
INSERT INTO Social_Media(Handle,BrandID) VALUES ('Vagram',23);
INSERT INTO Social_Media(Handle,BrandID) VALUES ('Sonair',38);
INSERT INTO Social_Media(Handle,BrandID) VALUES ('Bitchip',31);
INSERT INTO Social_Media(Handle,BrandID) VALUES ('Ventosanzap',20);
INSERT INTO Social_Media(Handle,BrandID) VALUES ('Tres-Zap',6);
INSERT INTO Social_Media(Handle,BrandID) VALUES ('Bytecard',24);
INSERT INTO Social_Media(Handle,BrandID) VALUES ('Alpha',26);
INSERT INTO Social_Media(Handle,BrandID) VALUES ('Temp',33);
INSERT INTO Social_Media(Handle,BrandID) VALUES ('Bitwolf',50);
INSERT INTO Social_Media(Handle,BrandID) VALUES ('Veribet',40);
INSERT INTO Social_Media(Handle,BrandID) VALUES ('Trippledex',4);
INSERT INTO Social_Media(Handle,BrandID) VALUES ('Zoolab',23);
INSERT INTO Social_Media(Handle,BrandID) VALUES ('Kanlam',6);
INSERT INTO Social_Media(Handle,BrandID) VALUES ('Keylex',25);
INSERT INTO Social_Media(Handle,BrandID) VALUES ('Aerified',18);
INSERT INTO Social_Media(Handle,BrandID) VALUES ('Y-Solowarm',24);
INSERT INTO Social_Media(Handle,BrandID) VALUES ('Tresom',33);
INSERT INTO Social_Media(Handle,BrandID) VALUES ('Gembucket',24);
INSERT INTO Social_Media(Handle,BrandID) VALUES ('Stronghold',39);
INSERT INTO Social_Media(Handle,BrandID) VALUES ('Bamity',25);
INSERT INTO Social_Media(Handle,BrandID) VALUES ('Greenlam',46);
INSERT INTO Social_Media(Handle,BrandID) VALUES ('Zaam-Dox',8);
INSERT INTO Social_Media(Handle,BrandID) VALUES ('Ronstring',12);
INSERT INTO Social_Media(Handle,BrandID) VALUES ('Transcof',2);
INSERT INTO Social_Media(Handle,BrandID) VALUES ('Cardify',36);
INSERT INTO Social_Media(Handle,BrandID) VALUES ('Hatity',11);
INSERT INTO Social_Media(Handle,BrandID) VALUES ('It',31);
INSERT INTO Social_Media(Handle,BrandID) VALUES ('Prodder',15);
INSERT INTO Social_Media(Handle,BrandID) VALUES ('Andalax',49);
INSERT INTO Social_Media(Handle,BrandID) VALUES ('Overhold',19);
INSERT INTO Social_Media(Handle,BrandID) VALUES ('Veribet',4);
INSERT INTO Social_Media(Handle,BrandID) VALUES ('Y-Solowarm',14);
INSERT INTO Social_Media(Handle,BrandID) VALUES ('Aerified',29);
INSERT INTO Social_Media(Handle,BrandID) VALUES ('Wrapsafe',32);

-- Review_made
INSERT INTO Review_made(CustomerID,ProductID,n_stars,Comment) VALUES (34,122,2,'Graphical User Interface');
INSERT INTO Review_made(CustomerID,ProductID,n_stars,Comment) VALUES (30,2,3,'mission-critical');
INSERT INTO Review_made(CustomerID,ProductID,n_stars,Comment) VALUES (37,137,5,'coherent');
INSERT INTO Review_made(CustomerID,ProductID,n_stars,Comment) VALUES (28,93,4,'Inverse');
INSERT INTO Review_made(CustomerID,ProductID,n_stars,Comment) VALUES (16,30,3,'multimedia');
INSERT INTO Review_made(CustomerID,ProductID,n_stars,Comment) VALUES (36,147,2,'client-server');
INSERT INTO Review_made(CustomerID,ProductID,n_stars,Comment) VALUES (45,114,1,'web-enabled');
INSERT INTO Review_made(CustomerID,ProductID,n_stars,Comment) VALUES (50,95,4,'Profit-focused');
INSERT INTO Review_made(CustomerID,ProductID,n_stars,Comment) VALUES (20,14,1,'algorithm');
INSERT INTO Review_made(CustomerID,ProductID,n_stars,Comment) VALUES (40,99,5,'contingency');
INSERT INTO Review_made(CustomerID,ProductID,n_stars,Comment) VALUES (46,115,4,'secondary');
INSERT INTO Review_made(CustomerID,ProductID,n_stars,Comment) VALUES (15,21,1,'firmware');
INSERT INTO Review_made(CustomerID,ProductID,n_stars,Comment) VALUES (37,73,5,'Organic');
INSERT INTO Review_made(CustomerID,ProductID,n_stars,Comment) VALUES (25,18,1,'eco-centric');
INSERT INTO Review_made(CustomerID,ProductID,n_stars,Comment) VALUES (48,3,2,'Open-architected');
INSERT INTO Review_made(CustomerID,ProductID,n_stars,Comment) VALUES (22,91,5,'background');
INSERT INTO Review_made(CustomerID,ProductID,n_stars,Comment) VALUES (6,63,1,'Triple-buffered');
INSERT INTO Review_made(CustomerID,ProductID,n_stars,Comment) VALUES (33,56,1,'Cross-platform');
INSERT INTO Review_made(CustomerID,ProductID,n_stars,Comment) VALUES (1,58,5,'uniform');
INSERT INTO Review_made(CustomerID,ProductID,n_stars,Comment) VALUES (7,70,1,'help-desk');
INSERT INTO Review_made(CustomerID,ProductID,n_stars,Comment) VALUES (42,94,1,'Customer-focused');
INSERT INTO Review_made(CustomerID,ProductID,n_stars,Comment) VALUES (44,8,3,'initiative');
INSERT INTO Review_made(CustomerID,ProductID,n_stars,Comment) VALUES (1,86,5,'superstructure');
INSERT INTO Review_made(CustomerID,ProductID,n_stars,Comment) VALUES (47,89,4,'structure');
INSERT INTO Review_made(CustomerID,ProductID,n_stars,Comment) VALUES (2,124,4,'stable');
INSERT INTO Review_made(CustomerID,ProductID,n_stars,Comment) VALUES (12,103,5,'Right-sized');
INSERT INTO Review_made(CustomerID,ProductID,n_stars,Comment) VALUES (29,126,2,'interactive');
INSERT INTO Review_made(CustomerID,ProductID,n_stars,Comment) VALUES (25,77,1,'Graphical User Interface');
INSERT INTO Review_made(CustomerID,ProductID,n_stars,Comment) VALUES (48,116,5,'hub');
INSERT INTO Review_made(CustomerID,ProductID,n_stars,Comment) VALUES (13,68,3,'intermediate');
INSERT INTO Review_made(CustomerID,ProductID,n_stars,Comment) VALUES (34,111,2,'Streamlined');
INSERT INTO Review_made(CustomerID,ProductID,n_stars,Comment) VALUES (42,56,5,'Business-focused');
INSERT INTO Review_made(CustomerID,ProductID,n_stars,Comment) VALUES (39,117,2,'conglomeration');
INSERT INTO Review_made(CustomerID,ProductID,n_stars,Comment) VALUES (16,102,5,'Organized');
INSERT INTO Review_made(CustomerID,ProductID,n_stars,Comment) VALUES (5,125,3,'Virtual');
INSERT INTO Review_made(CustomerID,ProductID,n_stars,Comment) VALUES (5,59,3,'Reactive');
INSERT INTO Review_made(CustomerID,ProductID,n_stars,Comment) VALUES (25,90,3,'Object-based');
INSERT INTO Review_made(CustomerID,ProductID,n_stars,Comment) VALUES (16,51,4,'Programmable');
INSERT INTO Review_made(CustomerID,ProductID,n_stars,Comment) VALUES (26,2,4,'explicit');
INSERT INTO Review_made(CustomerID,ProductID,n_stars,Comment) VALUES (48,108,5,'Seamless');
INSERT INTO Review_made(CustomerID,ProductID,n_stars,Comment) VALUES (43,64,5,'Self-enabling');
INSERT INTO Review_made(CustomerID,ProductID,n_stars,Comment) VALUES (41,74,4,'budgetary management');
INSERT INTO Review_made(CustomerID,ProductID,n_stars,Comment) VALUES (20,35,5,'Multi-lateral');
INSERT INTO Review_made(CustomerID,ProductID,n_stars,Comment) VALUES (13,96,5,'disintermediate');
INSERT INTO Review_made(CustomerID,ProductID,n_stars,Comment) VALUES (48,139,5,'superstructure');
INSERT INTO Review_made(CustomerID,ProductID,n_stars,Comment) VALUES (17,28,3,'Cross-platform');
INSERT INTO Review_made(CustomerID,ProductID,n_stars,Comment) VALUES (25,67,5,'internet solution');
INSERT INTO Review_made(CustomerID,ProductID,n_stars,Comment) VALUES (18,29,3,'methodical');
INSERT INTO Review_made(CustomerID,ProductID,n_stars,Comment) VALUES (32,45,5,'standardization');
INSERT INTO Review_made(CustomerID,ProductID,n_stars,Comment) VALUES (28,74,2,'stable');
INSERT INTO Review_made(CustomerID,ProductID,n_stars,Comment) VALUES (17,6,2,'Seamless');
INSERT INTO Review_made(CustomerID,ProductID,n_stars,Comment) VALUES (38,147,1,'Stand-alone');
INSERT INTO Review_made(CustomerID,ProductID,n_stars,Comment) VALUES (16,103,2,'budgetary management');
INSERT INTO Review_made(CustomerID,ProductID,n_stars,Comment) VALUES (12,111,4,'value-added');
INSERT INTO Review_made(CustomerID,ProductID,n_stars,Comment) VALUES (6,94,5,'user-facing');
INSERT INTO Review_made(CustomerID,ProductID,n_stars,Comment) VALUES (40,14,5,'bifurcated');
INSERT INTO Review_made(CustomerID,ProductID,n_stars,Comment) VALUES (14,86,4,'Centralized');
INSERT INTO Review_made(CustomerID,ProductID,n_stars,Comment) VALUES (15,114,3,'Synergized');
INSERT INTO Review_made(CustomerID,ProductID,n_stars,Comment) VALUES (22,31,2,'Multi-lateral');
INSERT INTO Review_made(CustomerID,ProductID,n_stars,Comment) VALUES (34,92,4,'migration');
INSERT INTO Review_made(CustomerID,ProductID,n_stars,Comment) VALUES (42,14,4,'circuit');
INSERT INTO Review_made(CustomerID,ProductID,n_stars,Comment) VALUES (50,18,4,'initiative');
INSERT INTO Review_made(CustomerID,ProductID,n_stars,Comment) VALUES (36,26,3,'human-resource');
INSERT INTO Review_made(CustomerID,ProductID,n_stars,Comment) VALUES (37,98,5,'high-level');
INSERT INTO Review_made(CustomerID,ProductID,n_stars,Comment) VALUES (24,43,3,'Networked');
INSERT INTO Review_made(CustomerID,ProductID,n_stars,Comment) VALUES (17,51,3,'focus group');
INSERT INTO Review_made(CustomerID,ProductID,n_stars,Comment) VALUES (35,2,4,'scalable');
INSERT INTO Review_made(CustomerID,ProductID,n_stars,Comment) VALUES (50,20,4,'Multi-channelled');
INSERT INTO Review_made(CustomerID,ProductID,n_stars,Comment) VALUES (16,112,3,'value-added');
INSERT INTO Review_made(CustomerID,ProductID,n_stars,Comment) VALUES (48,16,4,'Total');
INSERT INTO Review_made(CustomerID,ProductID,n_stars,Comment) VALUES (37,97,2,'heuristic');
INSERT INTO Review_made(CustomerID,ProductID,n_stars,Comment) VALUES (13,50,5,'solution');
INSERT INTO Review_made(CustomerID,ProductID,n_stars,Comment) VALUES (34,39,1,'Optional');
INSERT INTO Review_made(CustomerID,ProductID,n_stars,Comment) VALUES (49,124,5,'workforce');
INSERT INTO Review_made(CustomerID,ProductID,n_stars,Comment) VALUES (45,72,3,'intangible');
INSERT INTO Review_made(CustomerID,ProductID,n_stars,Comment) VALUES (27,113,4,'capability');
INSERT INTO Review_made(CustomerID,ProductID,n_stars,Comment) VALUES (46,41,4,'local');
INSERT INTO Review_made(CustomerID,ProductID,n_stars,Comment) VALUES (15,9,2,'Digitized');
INSERT INTO Review_made(CustomerID,ProductID,n_stars,Comment) VALUES (19,99,1,'global');
INSERT INTO Review_made(CustomerID,ProductID,n_stars,Comment) VALUES (6,139,1,'Vision-oriented');
INSERT INTO Review_made(CustomerID,ProductID,n_stars,Comment) VALUES (26,119,2,'static');
INSERT INTO Review_made(CustomerID,ProductID,n_stars,Comment) VALUES (11,20,3,'capability');
INSERT INTO Review_made(CustomerID,ProductID,n_stars,Comment) VALUES (34,109,5,'Open-architected');
INSERT INTO Review_made(CustomerID,ProductID,n_stars,Comment) VALUES (48,14,2,'Centralized');
INSERT INTO Review_made(CustomerID,ProductID,n_stars,Comment) VALUES (35,48,5,'Seamless');
INSERT INTO Review_made(CustomerID,ProductID,n_stars,Comment) VALUES (5,134,5,'Open-architected');
INSERT INTO Review_made(CustomerID,ProductID,n_stars,Comment) VALUES (47,59,5,'workforce');
INSERT INTO Review_made(CustomerID,ProductID,n_stars,Comment) VALUES (7,56,2,'client-server');
INSERT INTO Review_made(CustomerID,ProductID,n_stars,Comment) VALUES (26,89,4,'Proactive');
INSERT INTO Review_made(CustomerID,ProductID,n_stars,Comment) VALUES (46,149,1,'grid-enabled');
INSERT INTO Review_made(CustomerID,ProductID,n_stars,Comment) VALUES (18,10,1,'encryption');
INSERT INTO Review_made(CustomerID,ProductID,n_stars,Comment) VALUES (11,105,4,'coherent');
INSERT INTO Review_made(CustomerID,ProductID,n_stars,Comment) VALUES (14,107,2,'database');
INSERT INTO Review_made(CustomerID,ProductID,n_stars,Comment) VALUES (39,97,4,'contextually-based');
INSERT INTO Review_made(CustomerID,ProductID,n_stars,Comment) VALUES (49,125,5,'customer loyalty');
INSERT INTO Review_made(CustomerID,ProductID,n_stars,Comment) VALUES (42,58,2,'access');
INSERT INTO Review_made(CustomerID,ProductID,n_stars,Comment) VALUES (31,118,2,'software');
INSERT INTO Review_made(CustomerID,ProductID,n_stars,Comment) VALUES (38,149,3,'Reactive');
INSERT INTO Review_made(CustomerID,ProductID,n_stars,Comment) VALUES (6,137,1,'forecast');
INSERT INTO Review_made(CustomerID,ProductID,n_stars,Comment) VALUES (39,85,2,'Intuitive');
INSERT INTO Review_made(CustomerID,ProductID,n_stars,Comment) VALUES (16,138,5,'grid-enabled');
INSERT INTO Review_made(CustomerID,ProductID,n_stars,Comment) VALUES (1,3,2,'foreground');
INSERT INTO Review_made(CustomerID,ProductID,n_stars,Comment) VALUES (31,15,4,'didactic');
INSERT INTO Review_made(CustomerID,ProductID,n_stars,Comment) VALUES (24,126,5,'complexity');
INSERT INTO Review_made(CustomerID,ProductID,n_stars,Comment) VALUES (12,86,2,'solution-oriented');
INSERT INTO Review_made(CustomerID,ProductID,n_stars,Comment) VALUES (1,61,4,'Reverse-engineered');
INSERT INTO Review_made(CustomerID,ProductID,n_stars,Comment) VALUES (10,18,3,'Exclusive');
INSERT INTO Review_made(CustomerID,ProductID,n_stars,Comment) VALUES (35,101,1,'Switchable');
INSERT INTO Review_made(CustomerID,ProductID,n_stars,Comment) VALUES (18,94,1,'Organic');
INSERT INTO Review_made(CustomerID,ProductID,n_stars,Comment) VALUES (16,133,3,'Managed');
INSERT INTO Review_made(CustomerID,ProductID,n_stars,Comment) VALUES (50,75,2,'scalable');
INSERT INTO Review_made(CustomerID,ProductID,n_stars,Comment) VALUES (22,82,2,'Compatible');
INSERT INTO Review_made(CustomerID,ProductID,n_stars,Comment) VALUES (21,8,1,'budgetary management');
INSERT INTO Review_made(CustomerID,ProductID,n_stars,Comment) VALUES (25,51,5,'Polarised');
INSERT INTO Review_made(CustomerID,ProductID,n_stars,Comment) VALUES (17,54,5,'customer loyalty');
INSERT INTO Review_made(CustomerID,ProductID,n_stars,Comment) VALUES (26,92,1,'tertiary');
INSERT INTO Review_made(CustomerID,ProductID,n_stars,Comment) VALUES (37,101,1,'algorithm');
INSERT INTO Review_made(CustomerID,ProductID,n_stars,Comment) VALUES (14,15,3,'artificial intelligence');
INSERT INTO Review_made(CustomerID,ProductID,n_stars,Comment) VALUES (46,5,5,'analyzer');
INSERT INTO Review_made(CustomerID,ProductID,n_stars,Comment) VALUES (45,36,3,'actuating');
INSERT INTO Review_made(CustomerID,ProductID,n_stars,Comment) VALUES (36,28,5,'coherent');
INSERT INTO Review_made(CustomerID,ProductID,n_stars,Comment) VALUES (11,50,1,'service-desk');
INSERT INTO Review_made(CustomerID,ProductID,n_stars,Comment) VALUES (9,109,5,'Integrated');
INSERT INTO Review_made(CustomerID,ProductID,n_stars,Comment) VALUES (19,19,5,'Secured');
INSERT INTO Review_made(CustomerID,ProductID,n_stars,Comment) VALUES (30,52,5,'dynamic');
INSERT INTO Review_made(CustomerID,ProductID,n_stars,Comment) VALUES (14,55,5,'circuit');
INSERT INTO Review_made(CustomerID,ProductID,n_stars,Comment) VALUES (9,147,3,'Pre-emptive');
INSERT INTO Review_made(CustomerID,ProductID,n_stars,Comment) VALUES (4,11,3,'reciprocal');
INSERT INTO Review_made(CustomerID,ProductID,n_stars,Comment) VALUES (40,22,4,'User-friendly');
INSERT INTO Review_made(CustomerID,ProductID,n_stars,Comment) VALUES (17,86,5,'moratorium');
INSERT INTO Review_made(CustomerID,ProductID,n_stars,Comment) VALUES (20,119,4,'coherent');
INSERT INTO Review_made(CustomerID,ProductID,n_stars,Comment) VALUES (30,18,2,'Extended');
INSERT INTO Review_made(CustomerID,ProductID,n_stars,Comment) VALUES (18,139,4,'Triple-buffered');
INSERT INTO Review_made(CustomerID,ProductID,n_stars,Comment) VALUES (13,19,4,'utilisation');
INSERT INTO Review_made(CustomerID,ProductID,n_stars,Comment) VALUES (25,102,1,'approach');
INSERT INTO Review_made(CustomerID,ProductID,n_stars,Comment) VALUES (37,97,1,'info-mediaries');
INSERT INTO Review_made(CustomerID,ProductID,n_stars,Comment) VALUES (21,93,4,'Exclusive');
INSERT INTO Review_made(CustomerID,ProductID,n_stars,Comment) VALUES (50,22,1,'analyzer');
INSERT INTO Review_made(CustomerID,ProductID,n_stars,Comment) VALUES (49,92,3,'neutral');
INSERT INTO Review_made(CustomerID,ProductID,n_stars,Comment) VALUES (27,81,4,'zero defect');
INSERT INTO Review_made(CustomerID,ProductID,n_stars,Comment) VALUES (12,9,2,'actuating');
INSERT INTO Review_made(CustomerID,ProductID,n_stars,Comment) VALUES (26,4,5,'pricing structure');
INSERT INTO Review_made(CustomerID,ProductID,n_stars,Comment) VALUES (45,17,2,'info-mediaries');
INSERT INTO Review_made(CustomerID,ProductID,n_stars,Comment) VALUES (40,30,4,'responsive');
INSERT INTO Review_made(CustomerID,ProductID,n_stars,Comment) VALUES (4,24,2,'Sharable');
INSERT INTO Review_made(CustomerID,ProductID,n_stars,Comment) VALUES (8,56,1,'Graphic Interface');
INSERT INTO Review_made(CustomerID,ProductID,n_stars,Comment) VALUES (28,87,3,'needs-based');
INSERT INTO Review_made(CustomerID,ProductID,n_stars,Comment) VALUES (19,73,1,'workforce');
INSERT INTO Review_made(CustomerID,ProductID,n_stars,Comment) VALUES (6,33,1,'open system');
INSERT INTO Review_made(CustomerID,ProductID,n_stars,Comment) VALUES (7,5,5,'Polarised');


SET FOREIGN_KEY_CHECKS=@OLD_FOREIGN_KEY_CHECKS;
SET UNIQUE_CHECKS=@OLD_UNIQUE_CHECKS;
